"LBL","Aggregate_grp","Aggregate_grp2","Func_grp","General_grouping","Family","Order","Class","TSN","NODC_CODE"
"ablabesmyia mallochi",NA,"chironomid","insect","insect","Chironomidae","Diptera","Insecta",NA,NA
"ablabesmyia parajanta",NA,"chironomid","insect","insect","Chironomidae","Diptera","Insecta","128112",NA
"ablabesmyia spp.",NA,"chironomid","insect","insect","Chironomidae","Diptera","Insecta",NA,NA
"abra aequalis","other_bivalves","Small_bivalve","bivalves","bivalve","Semelidae","Cardiida","Bivalvia","81302",NA
"acanthohaustorius intermedius","amphipods_isopods","amphipods","small_crust","amphipod","Haustoriidae ","Amphipoda","Malacostraca",NA,NA
"acanthohaustorius millsi","amphipods_isopods","amphipods","small_crust","amphipod","Haustoriidae ","Amphipoda","Malacostraca",NA,NA
"acentria ephemerella",NA,"insect","insect","insect","Crambidae","Lepidoptera","Insecta",NA,NA
"acteocina canaliculata",NA,"gastropod","Gastropods","gastropod","Acteocinidae","Cephalaspidea","Gastropoda","76117",NA
"aegathoa medialis","amphipods_isopods","isopods","small_crust","isopod","Cymothoidae","Isopoda","Malacostraca","92440",NA
"aeshna spp.",NA,NA,"insect","insect","Aeshnidae","odonata","Insecta",NA,NA
"aglaophamus verrilli","polychaete","polychaete","worms","polychaete","Nephtyidae","Phyllodocida","Polychaeta","66052",NA
"agraylea spp.",NA,"insect","insect","insect","Hydroptillidae","Trichoptera","Insecta",NA,NA
"aligena elevata","other_bivalves","Small_bivalve","bivalves","bivalve","Lasaeidae","veneroida","Bivalvia","80685",NA
"almyracuma proximoculi",NA,"small_crust","small_crust","cumacean","Nannastacidae","Cumacea","Malacostraca","90979",NA
"alpheus heterochaelis",NA,"large_decapod","decapod_shrimp","decapod_shrimp","Alpheidae","Decapoda","Malacostraca","96602",NA
"amastigos caperatus","polychaete","polychaete","worms","polychaete","Capitellidae","Scolecida","Polychaeta",NA,NA
"americamysis almyra","mysids","small_crust","small_crust","mysid","Mysidae","Mysida","Malacostraca",NA,NA
"americamysis bigelowi","mysids","small_crust","small_crust","mysid","Mysidae","Mysida","Malacostraca",NA,NA
"americamysis spp.","mysids","small_crust","small_crust","mysid","Mysidae","Mysida","Malacostraca",NA,NA
"americhelidium americanum","amphipods_isopods","amphipods","small_crust","amphipod","Oedicerotidae","Amphipoda","Malacostraca",NA,NA
"ameroculodes species co","amphipods_isopods","amphipods","small_crust","amphipod","Oedicerotidae","Amphipoda","Malacostraca",NA,NA
"ameroculodes species complex","amphipods_isopods","amphipods","small_crust","amphipod","Oedicerotidae","Amphipoda","Malacostraca",NA,NA
"amnicola limosa",NA,"gastropod","Gastropods","gastropod","Amnicolidae","Cephalaspidea","Gastropoda","70748",NA
"amnicola spp.",NA,"gastropod","Gastropods","gastropod","Amnicolidae","Cephalaspidea","Gastropoda",NA,NA
"ampelisca abdita","amphipods_isopods","amphipods","small_crust","amphipod","Ampeliscidae","Amphipoda","Malacostraca","93329",NA
"ampelisca spp.","amphipods_isopods","amphipods","small_crust","amphipod","Ampeliscidae","Amphipoda","Malacostraca",NA,NA
"ampelisca vadorum","amphipods_isopods","amphipods","small_crust","amphipod","Ampeliscidae","Amphipoda","Malacostraca",NA,NA
"ampelisca verrilli","amphipods_isopods","amphipods","small_crust","amphipod","Ampeliscidae","Amphipoda","Malacostraca","93331",NA
"ampharete acutifrons","polychaete","polychaete","worms","polychaete","Ampharetidae","Terebellida","Polychaeta","67735",NA
"ampharetidae","polychaete","polychaete","worms","polychaete","Ampharetidae","Terebellida","Polychaeta",NA,NA
"amphipoda","amphipods_isopods","amphipods","small_crust","amphipod",NA,"Amphipoda","Malacostraca",NA,NA
"amphiporus bioculatus",NA,NA,"worms","worm_nemertean","Amphiporidae","Monostilifera","Enopla","57533",NA
"ampithoe longimana","amphipods_isopods","amphipods","small_crust","amphipod","Ampithoidae","Amphipoda","Malacostraca",NA,NA
"ampithoe valida","amphipods_isopods","amphipods","small_crust","amphipod","Ampithoidae","Amphipoda","Malacostraca","93424",NA
"ampithoidae","amphipods_isopods","amphipods","small_crust","amphipod","Ampithoidae","Amphipoda","Malacostraca",NA,NA
"amygdalum papyrium","other_bivalves","Small_bivalve","bivalves","bivalve","Mytillidae","Mytilida","Bivalvia",NA,NA
"anachis avara",NA,"gastropod","Gastropods","gastropod","Columbellidae","Neogastropoda","Gastropoda","73617",NA
"anachis obesa",NA,"gastropod","Gastropods","gastropod","Columbellidae","Neogastropoda","Gastropoda","73622",NA
"anadara ovalis","other_bivalves","Large_bivalve","bivalves","bivalve","Arcidae","Arcoida","Bivalvia","79342",NA
"anadara transversa","other_bivalves","Small_bivalve","bivalves","bivalve","Arcidae","Arcoida","Bivalvia","79340",NA
"ancinus depressus","amphipods_isopods","isopods","small_crust","isopod","Ancinidae","Isopoda","Malacostraca",NA,NA
"ancistrosyllis commensa","polychaete","polychaete","worms","polychaete","Pilargidae","Phyllodocida","Polychaeta",NA,NA
"ancistrosyllis commensalis","polychaete","polychaete","worms","polychaete","Pilargidae","Phyllodocida","Polychaeta",NA,NA
"ancistrosyllis hartmana","polychaete","polychaete","worms","polychaete","Pilargidae","Phyllodocida","Polychaeta",NA,NA
"ancistrosyllis hartmanae","polychaete","polychaete","worms","polychaete","Pilargidae","Phyllodocida","Polychaeta",NA,NA
"ancistrosyllis jonesi","polychaete","polychaete","worms","polychaete","Pilargidae","Phyllodocida","Polychaeta","65544",NA
"ancistrosyllis spp.","polychaete","polychaete","worms","polychaete","Pilargidae","Phyllodocida","Polychaeta",NA,NA
"ancylidae",NA,"gastropod","Gastropods","gastropod","Planorbidae","Planorboidea","Gastropoda",NA,NA
"anomia simplex","other_bivalves","Small_bivalve","bivalves","bivalve","Anomiidae","Pectinida","Bivalvia",NA,NA
"anthozoa",NA,NA,NA,"cnidaria",NA,NA,NA,"51938",NA
"antinoella sarsi","polychaete","polychaete","worms","polychaete","Polynoidae","Phyllodocida","Polychaeta","64411",NA
"apocorophium acutum","amphipods_isopods","amphipods","small_crust","amphipod","Corophioidea","Amphipoda","Malacostraca",NA,NA
"apocorophium lacustre","amphipods_isopods","amphipods","small_crust","amphipod","Corophioidea","Amphipoda","Malacostraca",NA,NA
"apocorophium simile","amphipods_isopods","amphipods","small_crust","amphipod","Corophioidea","Amphipoda","Malacostraca",NA,NA
"apocorophium spp.","amphipods_isopods","amphipods","small_crust","amphipod","Corophioidea","Amphipoda","Malacostraca",NA,NA
"apoprionospio pygmaea","polychaete","polychaete","worms","polychaete","Spionidae","Spionida","Polychaeta","66847",NA
"arabella iricolor","polychaete","polychaete","worms","polychaete","Oenonidae","Eunicida","Polychaeta","66441",NA
"arabellidae","polychaete","polychaete","worms","polychaete","Arabellidae","Eunicida","Polychaeta","66422",NA
"arbacia punctulata",NA,"echinoderm","echinoderm","echinoderm","Arbaciidae","Arbacioida","Echinoidea",NA,NA
"arcteonais lomondi",NA,"oligocheate","worms","oligocheate","Naididae","Tubificida","Oligochaeta","68976",NA
"arcuatula papyria","other_bivalves","Small_bivalve","bivalves","bivalve","Mytillidae","Mytilida","Bivalvia",NA,NA
"aricidea catherinae","polychaete","polychaete","worms","polychaete","Paraonidae","Cirratulida","Polychaeta","66765",NA
"aricidea cerrutii","polychaete","polychaete","worms","polychaete","Paraonidae","Cirratulida","Polychaeta","204494",NA
"aricidea fragilis","polychaete","polychaete","worms","polychaete","Paraonidae","Cirratulida","Polychaeta","66678",NA
"aricidea spp.","polychaete","polychaete","worms","polychaete","Paraonidae","Cirratulida","Polychaeta",NA,NA
"aricidea wassi","polychaete","polychaete","worms","polychaete","Paraonidae","Cirratulida","Polychaeta","66673",NA
"asabellides oculata","polychaete","polychaete","worms","polychaete","Ampharetidae","Terebellida","Polychaeta","67786",NA
"ascidiacea",NA,"tunicate","tunicate","tunicate",NA,NA,"Ascidiacea",NA,NA
"asellus spp.","amphipods_isopods","isopods","small_crust","isopod","Asellidae","Isopoda","Malacostraca",NA,NA
"astyris lunata",NA,"gastropod","Gastropods","gastropod","Columbellidae","Neogastropoda","Gastropoda",NA,NA
"aulodrilus pigueti",NA,"oligocheate","worms","oligocheate","Naididae","Tubificida","Oligochaeta","68680",NA
"autolytus spp.","polychaete","polychaete","worms","polychaete","Syllidae","Phyllodocida","Polychaeta",NA,NA
"automate evermanni",NA,"large_decapod","decapod_shrimp","decapod_shrimp","Alpheidae","Decapoda","Malacostraca","96679",NA
"axarus spp.",NA,"chironomid","insect","insect","Chironomidae","Diptera","Insecta",NA,NA
"baetidae","insect","insect","insect","insect","Baetidae","Ephemeroptera","Insecta",NA,NA
"baetis spp.","insect","insect","insect","insect","Baetidae","Ephemeroptera","Insecta",NA,NA
"balanoglossus aurantiac",NA,NA,NA,"hemichordate","Ptychoderidae","Enteropneusta","Enteropneusta",NA,NA
"balanoglossus aurantiacus",NA,NA,NA,"hemichordate","Ptychoderidae","Enteropneusta","Enteropneusta",NA,NA
"balanus improvisus",NA,NA,NA,"barnacle","Balanidae","Sessilia","Maxillopoda","89622",NA
"balanus spp.",NA,NA,NA,"barnacle","Balanidae","Sessilia","Maxillopoda",NA,NA
"barnea truncata","other_bivalves","Large_bivalve","bivalves","bivalve","Pholadidae","Myida","Bivalvia","81798",NA
"basommatophora","gastropod","gastropod","Gastropods","gastropod",NA,"Basommatophora","Gastropoda",NA,NA
"batea catharinensis","amphipods_isopods","amphipods","small_crust","amphipod","Bateidea","Amphipoda","Malacostraca","93528",NA
"bathyporeia parkeri","amphipods_isopods","amphipods","small_crust","amphipod","Bathyporeiidae","Amphipoda","Malacostraca",NA,NA
"bellamya japonica","gastropod","gastropod","Gastropods","gastropod","Viviparidae","Architaenioglossa","Gastropoda",NA,NA
"bezzia spp.",NA,NA,"insect","insect","Ceratopogonidae","Diptera","Insecta",NA,NA
"bhawania heteroseta","polychaete","polychaete","worms","polychaete","Chrysopetalidae","Phyllodocida","Polychaeta","65159",NA
"biffarius biformis",NA,"large_decapod","decapod_shrimp","Infaunal_shrimp","Callianassidae","Decapoda","Malacostraca",NA,NA
"bivalvia","other_bivalves","Small_bivalve","bivalves","bivalve",NA,NA,"Bivalvia","79118",NA
"boccardiella hamata","polychaete","polychaete","worms","polychaete","Spionidae","Spionida","Polychaeta",NA,NA
"boccardiella ligerica","polychaete","polychaete","worms","polychaete","Spionidae","Spionida","Polychaeta","67012",NA
"boonea impressa","gastropod","gastropod","Gastropods","gastropod","Pyramidellidae","Heterobranchia","Gastropoda",NA,NA
"bothrioneurum vejdovsky",NA,"oligocheate","worms","oligocheate","Naididae","Tubificida","Oligochaeta",NA,NA
"bothrioneurum vejdovskyanum",NA,"oligocheate","worms","oligocheate","Naididae","Tubificida","Oligochaeta",NA,NA
"brachyura",NA,"large_decapod","decapod_crab","decapod_crab",NA,"Decapoda","Malacostraca","98276",NA
"brachyuran zoea",NA,"large_decapod","decapod_crab","decapod_crab",NA,"Decapoda","Malacostraca",NA,NA
"branchiodrilus spp.",NA,"oligocheate","worms","oligocheate","Naididae","Tubificida","Oligochaeta",NA,NA
"branchiostoma caribaeum",NA,NA,NA,"amphioxus","Branchiostomatidae","Amphioxiformes","Leptocardii","159682",NA
"branchiura sowerbyi",NA,"oligocheate","worms","oligocheate","Naididae","Tubificida","Oligochaeta","68621",NA
"brania clavata","polychaete","polychaete","worms","polychaete","Syllidae","Phyllodocida","Polychaeta","65761",NA
"brania wellfleetensis","polychaete","polychaete","worms","polychaete","Syllidae","Phyllodocida","Polychaeta","65762",NA
"bratislavia unidentata",NA,NA,NA,NA,NA,NA,NA,NA,NA
"busycon canaliculatum","gastropod","gastropod","Gastropods","gastropod","Buccinidae","Neogastropoda","Gastropoda",NA,NA
"busycon carica","gastropod","gastropod","Gastropods","gastropod","Buccinidae","Neogastropoda","Gastropoda",NA,NA
"busycon spp.","gastropod","gastropod","Gastropods","gastropod","Buccinidae","Neogastropoda","Gastropoda",NA,NA
"cabira incerta","polychaete","polychaete","worms","polychaete","Pilargidae","Phyllodocida","Polychaeta","65565",NA
"caecum pulchellum",NA,"gastropod","Gastropods","gastropod","Caecidae","Littorinimorpha","Gastropoda","71380",NA
"caenis spp.",NA,NA,"insect","insect","Caenidae","Ephemeroptera","Insecta",NA,NA
"callianassa setimanus",NA,"large_decapod","decapod_shrimp","Infaunal_shrimp","Callianassidae","Decapoda","Malacostraca","97760",NA
"callinectes sapidus","blue_crab","large_decapod","decapod_crab","decapod_crab","Portunidae","Decapoda","Malacostraca","98696",NA
"campeloma decisum",NA,"gastropod","Gastropods","gastropod","Viviparidae","Architaenioglossa","Gastropoda","70312",NA
"capitella capitata comp","polychaete","polychaete","worms","polychaete","Capitellidae","Scolecida","Polychaeta",NA,NA
"capitella capitata complex","polychaete","polychaete","worms","polychaete","Capitellidae","Scolecida","Polychaeta",NA,NA
"capitellidae","polychaete","polychaete","worms","polychaete","Capitellidae","Scolecida","Polychaeta",NA,NA
"capitellides jonesi","polychaete","polychaete","worms","polychaete","Capitellidae","Scolecida","Polychaeta","67450",NA
"capitellides sp.","polychaete","polychaete","worms","polychaete","Capitellidae","Scolecida","Polychaeta",NA,NA
"capitomastus aciculatus","polychaete","polychaete","worms","polychaete","Capitellidae","Scolecida","Polychaeta",NA,NA
"caprella equilibra","amphipods_isopods","amphipods","small_crust","amphipod","Caprellidae","Amphipoda","Malacostraca","95410",NA
"caprella penantis","amphipods_isopods","amphipods","small_crust","amphipod","Caprellidae","Amphipoda","Malacostraca","95419",NA
"carazziella hobsonae","polychaete","polychaete","worms","polychaete","Spionidae","Spionida","Polychaeta","67003",NA
"carinoma tremaphoros",NA,NA,"worms","nemertean","Carinomidae","Paleonemertea","Anopla","57429",NA
"carinomella lactea",NA,"nemertea","worms","nemertean","carinomellidae","Paleonemertea","Nemertea",NA,NA
"cassidinidea ovalis","amphipods_isopods","isopods","small_crust","isopod","Sphaeromatidea","Isopoda","Malacostraca","92348",NA
"caulleriella venefica","polychaete","polychaete","worms","polychaete","Cirratulidae","Terebellida","Polychaeta",NA,NA
"cerapus tubularis","amphipods_isopods","amphipods","small_crust","amphipod","Ischyroceridae","Amphipoda","Malacostraca","93587",NA
"ceratonereis irritabili","polychaete","polychaete","worms","polychaete","Nereididae","Phyllodocida","Polychaeta",NA,NA
"ceratonereis irritabilis","polychaete","polychaete","worms","polychaete","Nereididae","Phyllodocida","Polychaeta","65874",NA
"ceratopogonidae",NA,NA,"insect","insect","Ceratopogonidae","Diptera","Insecta","127076",NA
"ceriantheopsis american",NA,NA,NA,"cnidaria","Cerianthidae","Spirularia","Anthozoa",NA,NA
"ceriantheopsis americanus",NA,NA,NA,"cnidaria","Cerianthidae","Spirularia","Anthozoa",NA,NA
"cerithiopsis greeni","gastropod","gastropod","Gastropods","gastropod","Cerithiopsidae","Caenongastropoda","Gastropoda",NA,NA
"cernotina spp.","insect","insect","insect","insect","Polycentropodidae","Trichoptera","Insecta",NA,NA
"chaetopterus variopedat","polychaete","polychaete","worms","polychaete","Chaetopteridae","Phyllodocida","Polychaeta",NA,NA
"chaetopterus variopedatus","polychaete","polychaete","worms","polychaete","Chaetopteridae","Phyllodocida","Polychaeta","67097",NA
"chaetozone setosa","polychaete","polychaete","worms","polychaete","Cirratulidae","Terebellida","Polychaeta","67157",NA
"chaoborus albatus","insect","insect","insect","insect","Chaoboridae","Diptera","Insecta","125905",NA
"chaoborus punctipennis","insect","insect","insect","insect","Chaoboridae","Diptera","Insecta","125923",NA
"chaoborus spp.","insect","insect","insect","insect","Chaoboridae","Diptera","Insecta",NA,NA
"chiridotea almyra","amphipods_isopods","isopods","small_crust","isopod","Chaetilidae","Isopoda","Malacostraca","92638",NA
"chiridotea arenicola","amphipods_isopods","isopods","small_crust","isopod","Chaetilidae","Isopoda","Malacostraca","92639",NA
"chiridotea caeca","amphipods_isopods","isopods","small_crust","isopod","Chaetilidae","Isopoda","Malacostraca","92641",NA
"chiridotea nigrescens","amphipods_isopods","isopods","small_crust","isopod","Chaetilidae","Isopoda","Malacostraca","92642",NA
"chiridotea spp.","amphipods_isopods","isopods","small_crust","isopod","Chaetilidae","Isopoda","Malacostraca","92642",NA
"chironomidae",NA,"chironomid","insect","chironomid","Chironomidae","Diptera","Insecta","127917",NA
"chironomidae pupae",NA,"chironomid","insect","chironomid","Chironomidae","Diptera","Insecta",NA,NA
"chironomini",NA,"chironomid","insect","chironomid","Chironomidae","Diptera","Insecta","129229",NA
"chironomus spp.",NA,"chironomid","insect","chironomid","Chironomidae","Diptera","Insecta",NA,NA
"cipangopaludina chinensis","gastropod","gastropod","Gastropods","gastropod","Viviparidae","Architaenioglossa","Gastropoda",NA,NA
"cirratulidae","polychaete","polychaete","worms","polychaete","Cirratulidae","Terebellida","Polychaeta","67116",NA
"cirrophorus furcatus","polychaete","polychaete","worms","polychaete","Paraonidae","Cirratulida","Polychaeta","66714",NA
"cirrophorus lyriformis","polychaete","polychaete","worms","polychaete","Paraonidae","Cirratulida","Polychaeta","66709",NA
"cirrophorus spp.","polychaete","polychaete","worms","polychaete","Paraonidae","Cirratulida","Polychaeta",NA,NA
"cladotanytarsus spp.",NA,"chironomid","insect","insect","Chironomidae","Diptera","Insecta",NA,NA
"cladotanytarsus spp. b epler",NA,"chironomid","insect","insect","Chironomidae","Diptera","Insecta",NA,NA
"cladotanytarsus viridiventris",NA,"chironomid","insect","insect","Chironomidae","Diptera","Insecta","129877",NA
"clinotanypus pinguis",NA,"chironomid","insect","insect","Chironomidae","Diptera","Insecta","127998",NA
"clymenella torquata","polychaete","polychaete","worms","polychaete","Maldanidae","Scolecida","Polychaeta","67528",NA
"coelotanypus spp.",NA,"chironomid","insect","insect","Chironomidae","Diptera","Insecta",NA,NA
"coenagrionidae","insect","insect","insect","insect","Coenagrionoidea","odonata","Insecta",NA,NA
"corbicula fluminea","other_bivalves","Large_bivalve","bivalves","bivalve","Cyrenoidae","Veneroida","Bivalvia","81387",NA
"corophium spp.","amphipods_isopods","amphipods","small_crust","amphipod","Corophiidae","Amphipoda","Malacostraca",NA,NA
"cossuridae","polychaete","polychaete","worms","polychaete","Cossuridae","Scolecida","Polychaeta",NA,NA
"crangon septemspinosa","sand_shrimp","large_decapod","small_crust","sand_shrimp","Crangonidae","Decapoda","Malacostraca","97110",NA
"crangonyx spp.","amphipods_isopods","amphipods","small_crust","amphipod","Crangonyctidae","Amphipoda","Malacostraca",NA,NA
"crassispira ostrearum",NA,"gastropod","Gastropods","gastropod","Turridae","Neogastropoda","Gastropoda","74901",NA
"crassostrea virginica","other_bivalves","Large_bivalve","bivalves","bivalve","Ostreidae","Ostreida","Bivalvia",NA,NA
"cratena pilata","gastropod","gastropod","Gastropods","gastropod","Facelinidae","Heterobranchia","Gastropoda",NA,NA
"crepidula fornicata",NA,"gastropod","Gastropods","gastropod","Calyptraeidae","Littorinimorpha","Gastropoda","72623",NA
"crepidula plana",NA,"gastropod","Gastropods","gastropod","Calyptraeidae","Littorinimorpha","Gastropoda",NA,NA
"crepidula spp.",NA,"gastropod","Gastropods","gastropod","Calyptraeidae","Littorinimorpha","Gastropoda",NA,NA
"cricotopus bicinctus",NA,"chironomid","insect","insect","Chironomidae","Diptera","Insecta",NA,NA
"cricotopus sylvestris",NA,"chironomid","insect","insect","Chironomidae","Diptera","Insecta","128645",NA
"cricotopus/orthocladius grp.",NA,"chironomid","insect","insect","Chironomidae","Diptera","Insecta",NA,NA
"cryptochironomus fulvus",NA,"chironomid","insect","insect","Chironomidae","Diptera","Insecta","129376",NA
"cryptochironomus parafu",NA,"chironomid","insect","insect","Chironomidae","Diptera","Insecta",NA,NA
"cryptochironomus parafulvus",NA,"chironomid","insect","insect","Chironomidae","Diptera","Insecta",NA,NA
"cryptochironomus spp.",NA,"chironomid","insect","insect","Chironomidae","Diptera","Insecta",NA,NA
"culicidae","insect","insect","insect","insect","Chironomidae","Diptera","Insecta",NA,NA
"curculionidae","insect","insect","insect","insect","Curculionidae","Coleoptera","Insecta",NA,NA
"cyathura burbancki","amphipods_isopods","isopods","small_crust","isopod","Anthuridae","Isopoda","Malacostraca",NA,NA
"cyathura polita","amphipods_isopods","isopods","small_crust","isopod","Anthuridae","Isopoda","Malacostraca","92149",NA
"cyathura spp.","amphipods_isopods","isopods","small_crust","isopod","Anthuridae","Isopoda","Malacostraca",NA,NA
"cyclaspis varians",NA,"small_crust","small_crust","cumacean","Bodotriidae","Cumacea","Malacostraca","91033",NA
"cylichnella bidentata",NA,"gastropod","Gastropods","gastropod","Cylichnidae","Cephalaspidea","Gastropoda","76141",NA
"cymadusa compta","amphipods_isopods","amphipods","small_crust","amphipod","Ampithoidae","Amphipoda","Malacostraca",NA,NA
"cyrnellus fraternus","insect","insect","insect","insect","Polycentropodidae","Trichoptera","Insecta",NA,NA
"cyrnellus spp.","insect","insect","insect","insect","Polycentropodidae","Trichoptera","Insecta",NA,NA
"cyrtopleura costata","other_bivalves","Large_bivalve","bivalves","bivalve","Pholadidae","Myoida","Bivalvia","81796",NA
"decapoda",NA,NA,NA,"decapod",NA,"Decapoda","Malacostraca","95599",NA
"demonax microphthalmus","polychaete","polychaete","worms","polychaete","Sabellidae","Canalipalpata","Polychaeta","68222",NA
"dero spp.",NA,"oligocheate","worms","oligocheate","Naididae","Tubificida","Oligochaeta",NA,NA
"diadumene leucolena",NA,NA,NA,"cnidaria","Diadumenidae","Actiniaria","Anthozoa","52749",NA
"diastylis polita","cumacean","small_crust","small_crust","cumacean","Diastylidae","Cumacea","Malacostraca",NA,NA
"dicrotendipes neomodestus",NA,"chironomid","insect","insect","Chironomidae","Diptera","Insecta","129452",NA
"dicrotendipes nervosus",NA,"chironomid","insect","insect","Chironomidae","Diptera","Insecta","129452",NA
"dicrotendipes spp.",NA,"chironomid","insect","insect","Chironomidae","Diptera","Insecta",NA,NA
"diopatra cuprea","polychaete","polychaete","worms","polychaete","Onuphidae","Eunicida","Polychaeta","66180",NA
"dipolydora caulleryi","polychaete","polychaete","worms","polychaete","Spionidae","Spionida","Polychaeta",NA,NA
"dipolydora commensalis","polychaete","polychaete","worms","polychaete","Spionidae","Spionida","Polychaeta",NA,NA
"dipolydora quadrilobata","polychaete","polychaete","worms","polychaete","Spionidae","Spionida","Polychaeta",NA,NA
"dipolydora socialis","polychaete","polychaete","worms","polychaete","Spionidae","Spionida","Polychaeta",NA,NA
"donax variabilis","other_bivalves","Small_bivalve","bivalves","bivalve","Donacidae","Cardiida","Bivalvia",NA,NA
"doridella obscura",NA,"gastropod","Gastropods","nudibranch","Corambidae","Nudibranchia","Gastropoda","78439",NA
"dorvillea rudolphi","polychaete","polychaete","worms","polychaete","Dorvilleidae","Eunicida","Polychaeta","66525",NA
"dosinia discus","other_bivalves","Large_bivalve","bivalves","bivalve","Venerida","Veneroida","Bivalvia","81489",NA
"drilonereis longa","polychaete","polychaete","worms","polychaete","Oenonidae","Eunicida","Polychaeta","66426",NA
"drilonereis magna","polychaete","polychaete","worms","polychaete","Oenonidae","Eunicida","Polychaeta","66431",NA
"drilonereis spp.","polychaete","polychaete","worms","polychaete","Oenonidae","Eunicida","Polychaeta",NA,NA
"dromogomphus armatus",NA,NA,"insect","insect","Gomphidae","odonata","Insecta","101731",NA
"dubiraphia spp.",NA,NA,"insect","insect","Elmidae","Coleoptera","Insecta",NA,NA
"dugesia spp.",NA,NA,NA,"platyhelminth","Dugesiidae","Tricladida","Rhabditophora",NA,NA
"dugesia tigrina",NA,NA,NA,"platyhelminth","Dugesiidae","Tricladida","Rhabditophora",NA,NA
"dulichiella appendiculata","amphipods_isopods","amphipods","small_crust","amphipod","Melitidae","Amphipoda","Malacostraca",NA,NA
"dyspanopeus sayi",NA,"large_decapod","decapod_crab","decapod_crab","Panopeidae","Decapoda","Malacostraca","98901",NA
"echinoidea",NA,NA,NA,"echinoderm",NA,NA,NA,"157821",NA
"echiura",NA,NA,"worms","worm_annelid",NA,"Echiura","Polychaeta","154972",NA
"edotea triloba","amphipods_isopods","isopods","small_crust","isopod","Idoteidae","Isopoda","Malacostraca","92627",NA
"edwardsia elegans",NA,NA,NA,"cnidaria","Edwardsiidae","Actiniaria","Anthozoa","52489",NA
"elasmopus laevis","amphipods_isopods","amphipods","small_crust","amphipod","Maeridae","Amphipoda","Malacostraca","93761",NA
"elliptio complanata","other_bivalves","Large_bivalve","bivalves","bivalve","Unionidae","Unionoida","Bivalvia","79952",NA
"elmidae",NA,NA,"insect","insect","Elmidae","Coleoptera","Insecta","114093",NA
"empididae","insect","chironomid","insect","insect","Empididae","Diptera","Insecta",NA,NA
"enallagma spp.",NA,NA,"insect","insect","Coenagriionidae","odonata","Insecta",NA,NA
"enchytraeidae",NA,"oligocheate","worms","oligocheate","Enchytraeidae","Tubificida","Oligochaeta","68510",NA
"ensis directus","Razor_clams","Large_bivalve","bivalves","bivalve","Pharidae","Adapedonta","Bivalvia","81022",NA
"eobrolgus spinosus","amphipods_isopods","amphipods","small_crust","amphipod","Phoxocephallidae","Amphipoda","Malacostraca",NA,NA
"ephemeroptera","insect","insect","insect","insect",NA,"Ephemeroptera","Insecta",NA,NA
"epitonium multistriatum",NA,"gastropod","Gastropods","gastropod","Epitoniidae","Caenongastropoda","Gastropoda","72247",NA
"epitonium rupicola",NA,"gastropod","Gastropods","gastropod","Epitoniidae","Caenongastropoda","Gastropoda","72249",NA
"epitonium spp.",NA,"gastropod","Gastropods","gastropod","Epitoniidae","Caenongastropoda","Gastropoda",NA,NA
"epoicocladius spp.",NA,"chironomid","insect","insect","Chironomidae","Diptera","Insecta",NA,NA
"erichsonella attenuata","amphipods_isopods","isopods","small_crust","isopod","Idoteidae","Isopoda","Malacostraca","92618",NA
"erichsonella filiformis","amphipods_isopods","isopods","small_crust","isopod","Idoteidae","Isopoda","Malacostraca","92619",NA
"ericthonius brasiliensi","amphipods_isopods","amphipods","small_crust","amphipod","Ischyroceridae","Amphipoda","Malacostraca",NA,NA
"ericthonius brasiliensis","amphipods_isopods","amphipods","small_crust","amphipod","Ischyroceridae","Amphipoda","Malacostraca",NA,NA
"eteone foliosa","polychaete","polychaete","worms","polychaete","Phyllodocidae","Phyllodocida","Polychaeta","65270",NA
"eteone heteropoda","polychaete","polychaete","worms","polychaete","Phyllodocidae","Phyllodocida","Polychaeta","65266",NA
"eteone lactea","polychaete","polychaete","worms","polychaete","Phyllodocidae","Phyllodocida","Polychaeta","65267",NA
"eteone longa","polychaete","polychaete","worms","polychaete","Phyllodocidae","Phyllodocida","Polychaeta",NA,NA
"euceramus praelongus",NA,"large_decapod","decapod_crab","decapod_crab","Porcellanidae","Decapoda","Malacostraca","98081",NA
"euclymene zonalis","polychaete","polychaete","worms","polychaete","Maldanidae","Scolecida","Polychaeta","67586",NA
"eumida sanguinea","polychaete","polychaete","worms","polychaete","Phyllodocidae","Phyllodocida","Polychaeta",NA,NA
"eunicea spp.",NA,NA,NA,"cnidaria","Plexauridae","Alcyonacea","Anthozoa",NA,NA
"euplana gracilis",NA,NA,"worms","flatworm","Euplanidae","Polycladida","Rhabditophora","54139",NA
"eurypanopeus depressus",NA,"large_decapod","decapod_crab","decapod_crab","Panopeidae","Decapoda","Malacostraca","98759",NA
"exogone dispar","polychaete","polychaete","worms","polychaete","Syllidae","Phyllodocida","Polychaeta","65722",NA
"exosphaeroma spp.","amphipods_isopods","isopods","small_crust","isopod","Sphaeromatidae","Isopoda","Malacostraca",NA,NA
"ferrissia rivularis",NA,"gastropod","Gastropods","gastropod","Ancylidae","Basommatophora","Gastropoda","76572",NA
"ferrissia spp.",NA,"gastropod","Gastropods","gastropod","Ancylidae","Basommatophora","Gastropoda",NA,NA
"gammarus daiberi","amphipods_isopods","amphipods","small_crust","amphipod","Gammaridae","Amphipoda","Malacostraca","93779",NA
"gammarus fasciatus","amphipods_isopods","amphipods","small_crust","amphipod","Gammaridae","Amphipoda","Malacostraca","93780",NA
"gammarus palustris","amphipods_isopods","amphipods","small_crust","amphipod","Gammaridae","Amphipoda","Malacostraca","93782",NA
"gammarus spp.","amphipods_isopods","amphipods","small_crust","amphipod","Gammaridae","Amphipoda","Malacostraca",NA,NA
"gammarus tigrinus","amphipods_isopods","amphipods","small_crust","amphipod","Gammaridae","Amphipoda","Malacostraca",NA,NA
"gastropoda",NA,"gastropod","Gastropods","gastropod",NA,NA,"Gastropoda","69459",NA
"gemma gemma","other_bivalves","Small_bivalve","bivalves","bivalve","Venerida","Veneroida","Bivalvia","81511",NA
"genetyllis castanea","polychaete","polychaete","worms","polychaete","Phyllodocidae","Phyllodocida","Polychaeta",NA,NA
"geukensia demissa","other_bivalves","Large_bivalve","bivalves","bivalve","Mytillidae","Mytiloida","Bivalvia","79555",NA
"girardia tigrina",NA,NA,NA,"platyhelminth","Dugesiidae","Tricladida","Rhabditophora",NA,NA
"gitanopsis spp.","amphipods_isopods","amphipods","small_crust","amphipod","Amphilochidae","Amphipoda","Malacostraca",NA,NA
"glycera americana","polychaete","polychaete","worms","polychaete","Glyceridae","Phyllodocida","Polychaeta","66106",NA
"glycera capitata","polychaete","polychaete","worms","polychaete","Glyceridae","Phyllodocida","Polychaeta",NA,NA
"glycera dibranchiata","polychaete","polychaete","worms","polychaete","Glyceridae","Phyllodocida","Polychaeta","66107",NA
"glycera robusta","polychaete","polychaete","worms","polychaete","Glyceridae","Phyllodocida","Polychaeta","66108",NA
"glycera sphyrabrancha","polychaete","polychaete","worms","polychaete","Glyceridae","Phyllodocida","Polychaeta",NA,NA
"glycera spp.","polychaete","polychaete","worms","polychaete","Glyceridae","Phyllodocida","Polychaeta",NA,NA
"glycinde solitaria","polychaete","polychaete","worms","polychaete","Goniadidae","Phyllodocida","Polychaeta","66132",NA
"glyptotendipes spp.",NA,"chironomid","insect","insect","Chironomidae","Diptera","Insecta",NA,NA
"gomphidae",NA,NA,"insect","insect","Gomphidae","odonata","Insecta","101664",NA
"gomphus spp.",NA,NA,"insect","insect","Gomphidae","odonata","Insecta",NA,NA
"goniobasis virginica",NA,"gastropod","Gastropods","gastropod","Pleuroceridae",NA,"Gastropoda","71852",NA
"grandidierella spp.","amphipods_isopods","amphipods","small_crust","amphipod","Aoridae","Amphipoda","Malacostraca",NA,NA
"gyptis crypta","polychaete","polychaete","worms","polychaete","Hesionidae","Phyllodocida","Polychaeta",NA,NA
"gyraulus spp.",NA,"gastropod","Gastropods","gastropod","Planorbidae",NA,"Gastropoda",NA,NA
"haloclava producta","cnidarian","cnidarian","cnidarian","cnidarian","Haloclavidae","Actiniaria","anthozoa",NA,NA
"haminoea solitaria",NA,"gastropod","Gastropods","gastropod","Haminoeidae","Cephalaspidea","Gastropoda","76258",NA
"hargeria rapax",NA,"small_crust","small_crust","tanaidae","Leptocheliidae","Tanaidacea","Malacostraca","92068",NA
"harmothoe extenuata","polychaete","polychaete","worms","polychaete","Polynoidae","Phyllodocida","Polychaeta","64509",NA
"harmothoe spp.","polychaete","polychaete","worms","polychaete","Polynoidae","Phyllodocida","Polychaeta",NA,NA
"harnischia spp.",NA,"oligocheate","worms","oligocheate","Chironomidea","Diptera","Insecta",NA,NA
"hauchiella sp. a kritzler","polychaete","polychaete","worms","polychaete","Terebellidae","Terebellida","Polychaeta",NA,NA
"hemichordata",NA,NA,NA,"hemichordate",NA,"Enteropneusta","Enteropneusta","158616",NA
"hemipodus roseus","polychaete","polychaete","worms","polychaete","Glyceridae","Phyllodocida","Polychaeta",NA,NA
"hermundura americana","polychaete","polychaete","worms","polychaete","Pilargidae","Phyllodocida","Polychaeta",NA,NA
"hermundura fauveli","polychaete","polychaete","worms","polychaete","Pilargidae","Phyllodocida","Polychaeta",NA,NA
"heteromastus filiformis","polychaete","polychaete","worms","polychaete","Capitellidae","Scolecida","Polychaeta","67420",NA
"hexagenia limbata","insect","insect","insect","insect","Ephemeidae","Ephemeroptera","Insecta",NA,NA
"hexagenia spp.","insect","insect","insect","insect","Ephemeidae","Ephemeroptera","Insecta",NA,NA
"hexapanopeus angustifro",NA,"large_decapod","decapod_crab","decapod_crab","Panopeidae","Decapoda","Malacostraca",NA,NA
"hexapanopeus angustifrons",NA,"large_decapod","decapod_crab","decapod_crab","Panopeidae","Decapoda","Malacostraca",NA,NA
"hirudinea",NA,NA,"worms","worm_annelid",NA,NA,"Clitellata","69290",NA
"hobsonia florida","polychaete","polychaete","worms","polychaete","Ampharetidae","Terebellida","Polychaeta","67755",NA
"holothuroidea","holothurian","holothurian","holothurian","holothurian",NA,NA,"Holothuroidea",NA,NA
"hutchinsoniella macraca",NA,NA,NA,"brachypoda","Hutchinsoniella","Brachypoda","Cephalocarida",NA,NA
"hutchinsoniella macracantha",NA,NA,NA,"brachypoda","Hutchinsoniella","Brachypoda","Cephalocarida",NA,NA
"hyalella azteca","amphipods_isopods","amphipods","small_crust","amphipod","Hyalellidae","Amphipoda","Malacostraca",NA,NA
"hydracarina",NA,NA,NA,"hydrachnidiae","Hydrachnellae","Trombidiformes","Archanida",NA,NA
"hydrobia spp.",NA,"gastropod","Gastropods","gastropod","Hydrobiidae","Littorinimorpha","Gastropoda",NA,NA
"hydrobia truncata",NA,"gastropod","Gastropods","gastropod","Hydrobiidae","Littorinimorpha","Gastropoda","70495",NA
"hydrobiidae",NA,"gastropod","Gastropods","gastropod","Hydrobiidae","Littorinimorpha","Gastropoda","70493",NA
"hydroides dianthus","polychaete","polychaete","worms","polychaete","Serpulidae","Sabellida","Polychaeta","68282",NA
"hydroides protulicola","polychaete","polychaete","worms","polychaete","Serpulidae","Sabellida","Polychaeta","68283",NA
"hydroporini spp.","insect","insect","insect","insect","Dytiscidae","Coleoptera","Insecta",NA,NA
"hydroptila spp.",NA,NA,"insect","insect","Hydroptillidae","Trichoptera","Insecta",NA,NA
"hydroptilidae",NA,NA,"insect","insect","Hydroptillidae","Trichoptera","Insecta","115629",NA
"idotea balthica","amphipods_isopods","isopods","small_crust","isopod","Idoteidae","Isopoda","Malacostraca",NA,NA
"idotea spp.","amphipods_isopods","isopods","small_crust","isopod","Idoteidae","Isopoda","Malacostraca",NA,NA
"idoteidae","amphipods_isopods","isopods","small_crust","isopod","Idoteidae","Isopoda","Malacostraca","92564",NA
"ilyanassa obsoleta","gastropod","gastropod","Gastropods","gastropod","Nassariidae","Neogastropoda","Gastropoda",NA,NA
"ilyodrilus templetoni",NA,"oligocheate","worms","oligocheate","Naididae","Tubificida","Oligochaeta","68662",NA
"ischadium recurvum","other_bivalves","Large_bivalve","bivalves","bivalve","Mytilidae","Mytiloida","Bivalvia","79561",NA
"isochaetides freyi",NA,"oligocheate","worms","oligocheate","Naididae","Tubificida","Oligochaeta","68810",NA
"jassa falcata","amphipods_isopods","amphipods","small_crust","amphipod","Ischyroceridae","Amphipoda","Malacostraca","94171",NA
"kiefferulus spp.","insect","chironomid","insect","insect","Chironomidae","Diptera","Insecta",NA,NA
"kurtziella atrostyla",NA,"gastropod","Gastropods","gastropod","Mangeliidae","Neogastropoda","Gastropoda","74804",NA
"kurtziella cerina",NA,"gastropod","Gastropods","gastropod","Mangeliidae","Neogastropoda","Gastropoda","74806",NA
"labrundinia spp.","insect","chironomid","insect","insect","Chironomidae","Diptera","Insecta",NA,NA
"laeonereis culveri","polychaete","polychaete","worms","polychaete","Nereididae","Phyllodocida","Polychaeta","65965",NA
"laevapex fuscus","gastropod","gastropod","Gastropods","gastropod","Planorbidae","Planorboidea","Gastropoda",NA,NA
"laevapex spp.","gastropod","gastropod","Gastropods","gastropod","Planorbidae","Planorboidea","Gastropoda",NA,NA
"leitoscoloplos fragilis","polychaete","polychaete","worms","polychaete","Orbiniidae","Scolecida","Polychaeta","66656",NA
"leitoscoloplos robustus","polychaete","polychaete","worms","polychaete","Orbiniidae","Scolecida","Polychaeta","182728",NA
"leitoscoloplos spp.","polychaete","polychaete","worms","polychaete","Orbiniidae","Scolecida","Polychaeta",NA,NA
"lembos smithi","amphipods_isopods","amphipods","small_crust","amphipod","Aoridae","Amphipoda","Malacostraca",NA,NA
"lepidactylus dytiscus","amphipods_isopods","amphipods","small_crust","amphipod","Haustoriidae","Amphipoda","Malacostraca","93998",NA
"lepidametria commensali","polychaete","polychaete","worms","polychaete","Polynoidae","Phyllodocida","Polychaeta",NA,NA
"lepidametria commensalis","polychaete","polychaete","worms","polychaete","Polynoidae","Phyllodocida","Polychaeta",NA,NA
"lepidonotus sublevis","polychaete","polychaete","worms","polychaete","Polynoidae","Phyllodocida","Polychaeta","64610",NA
"lepidonotus variabilis","polychaete","polychaete","worms","polychaete","Polynoidae","Phyllodocida","Polychaeta",NA,NA
"leptoceridae","insect","insect","insect","insect","Leptoceridae","Trichoptera","Insecta",NA,NA
"leptocheirus plumulosus","amphipods_isopods","amphipods","small_crust","amphipod","Corophiidae","Amphipoda","Malacostraca","93486",NA
"leptochela serratorbita","other_shrimp","small_crust","small_crust","other_shrimp","Pasiphaeidae","Decapoda","Malacostraca",NA,NA
"leptochelia dubia","tanaid","small_crust","small_crust","tanaidae","Leptocheliidae","Tanaidacea","Malacostraca",NA,NA
"leptognathia caeca",NA,"small_crust","small_crust","tanaidae","Leptocheliidae","Tanaidacea","Malacostraca","91757",NA
"leptosynapta tenuis",NA,"small_crust","small_crust","tanaidae","Leptocheliidae","Tanaidacea","Malacostraca","158432",NA
"leucon americanus",NA,"small_crust","small_crust","cumacean","Leuconidae","Cumacea","Malacostraca","90790",NA
"leucothoidae","amphipods_isopods","amphipods","small_crust","amphipod","Leucothoidae","Amphipoda","Malacostraca","94196",NA
"levinsenia gracilis","polychaete","polychaete","worms","polychaete","Paraonidae","Cirratulida","Polychaeta","66729",NA
"limnodrilus cervix",NA,"oligocheate","worms","oligocheate","Naididae","Tubificida","Oligochaeta","68652",NA
"limnodrilus hoffmeister",NA,"oligocheate","worms","oligocheate","Naididae","Tubificida","Oligochaeta",NA,NA
"limnodrilus hoffmeisteri",NA,"oligocheate","worms","oligocheate","Naididae","Tubificida","Oligochaeta",NA,NA
"limnodrilus spp.",NA,"oligocheate","worms","oligocheate","Naididae","Tubificida","Oligochaeta",NA,NA
"limnodrilus udekemianus",NA,"oligocheate","worms","oligocheate","Naididae","Tubificida","Oligochaeta","68644",NA
"limulus polyphemus",NA,NA,NA,"horseshoe crab","Limulidae","Xiphosura","Merostomata","82703",NA
"liodessus flavicollis","insect","insect","insect","insect","Dytiscidae","Coleoptera","Insecta",NA,NA
"lioplax subcarinata","gastropod","gastropod","Gastropods","gastropod","Viviparidae","Architaenioglossa","Gastropoda",NA,NA
"lipiniella spp.","insect","chironomid","insect","chironomid","Chironomidae","Diptera","Insecta",NA,NA
"listriella barnardi","amphipods_isopods","amphipods","small_crust","amphipod","Liljeborgiidae","Amphipoda","Malacostraca","94213",NA
"listriella bowenae","amphipods_isopods","amphipods","small_crust","amphipod","Liljeborgiidae","Amphipoda","Malacostraca",NA,NA
"listriella clymenellae","amphipods_isopods","amphipods","small_crust","amphipod","Liljeborgiidae","Amphipoda","Malacostraca","94214",NA
"listriella smithi","amphipods_isopods","amphipods","small_crust","amphipod","Liljeborgiidae","Amphipoda","Malacostraca",NA,NA
"listriella spp.","amphipods_isopods","amphipods","small_crust","amphipod","Liljeborgiidae","Amphipoda","Malacostraca",NA,NA
"littoridinops tenuipes",NA,"gastropod","Gastropods","gastropod","Hydrobiidae","Littorinimorpha","Gastropoda","70528",NA
"loimia medusa","polychaete","polychaete","worms","polychaete","Terebellidae","Terebellida","Polychaeta","68015",NA
"loimia spp.","polychaete","polychaete","worms","polychaete","Terebellidae","Terebellida","Polychaeta",NA,NA
"loimia viridis","polychaete","polychaete","worms","polychaete","Terebellidae","Terebellida","Polychaeta",NA,NA
"lumbriculidae","oligochaete","oligocheate","worms","oligocheate","Lumbriculidae","Lumbriculida","Clitellata",NA,NA
"lumbrineridae","polychaete","polychaete","worms","polychaete","Lumbrineridae","Eunicida","Polychaeta",NA,NA
"lymnaeidae","gastropod","gastropod","Gastropods","gastropod","Lymnaeidae","Heterobranchia","Gastropoda",NA,NA
"lyonsia hyalina","other_bivalves","Small_bivalve","bivalves","bivalve","Lyonsiidae","Pholadomyoida","Bivalvia","81926",NA
"lysidice ninetta","polychaete","polychaete","worms","polychaete","Eunicidae","Eunicida","Polychaeta","66320",NA
"lysidice unicornis","polychaete","polychaete","worms","polychaete","Eunicidae","Eunicida","Polychaeta",NA,NA
"lysilla alba","polychaete","polychaete","worms","polychaete","Terebellidae","Terebellida","Polychaeta",NA,NA
"macoma balthica","Macoma","Small_bivalve","bivalves","bivalve","Tellinidae","Cardiida","Bivalvia",NA,NA
"macoma mitchelli","Macoma","Small_bivalve","bivalves","bivalve","Tellinidae","Cardiida","Bivalvia","81054",NA
"macoma spp.","Macoma","Small_bivalve","bivalves","bivalve","Tellinidae","Cardiida","Bivalvia",NA,NA
"macoma tenta","Macoma","Small_bivalve","bivalves","bivalve","Tellinidae","Cardiida","Bivalvia","81055",NA
"magelona spp.","polychaete","polychaete","worms","polychaete","Magelonidae","Spionida","Polychaeta",NA,NA
"maldanidae","polychaete","polychaete","worms","polychaete","Maldanidae","Scolecida","Polychaeta","67515",NA
"mallochohelea spp.","insect","insect","insect","insect","Ceratopogonidae","Diptera","Insecta",NA,NA
"malmgreniella taylori","polychaete","polychaete","worms","polychaete","Polynoidae","Phyllodocida","Polychaeta",NA,NA
"manayunkia aestuarina","polychaete","polychaete","worms","polychaete","Fabriciidae","Sabellida","Polychaeta","68171",NA
"mancocuma stellifera","cumacean","small_crust","small_crust","cumacean","Bodotriidae","Cumacea","Malacostraca",NA,NA
"mangelia plicosa",NA,"gastropod","Gastropods","gastropod","Mangeliidae","Neogastropoda","Gastropoda","74568",NA
"marenzelleria viridis","polychaete","polychaete","worms","polychaete","Spionidae","Spionida","Polychaeta",NA,NA
"marphysa sanguinea","polychaete","polychaete","worms","polychaete","Eunicidae","Eunicida","Polychaeta",NA,NA
"mediomastus ambiseta","polychaete","polychaete","worms","polychaete","Capitellidae","Scolecida","Polychaeta","67439",NA
"melinna maculata","polychaete","polychaete","worms","polychaete","Terebellidae","Terebellida","Polychaeta",NA,NA
"melita nitida","amphipods_isopods","amphipods","small_crust","amphipod","Melitidae","Amphipoda","Malacostraca","93812",NA
"melita spp.","amphipods_isopods","amphipods","small_crust","amphipod","Melitidae","Amphipoda","Malacostraca",NA,NA
"mellita quinquiesperforata","amphipods_isopods","amphipods","small_crust","amphipod","Melitidae","Amphipoda","Malacostraca",NA,NA
"menetus dilatatus",NA,"gastropod","Gastropods","gastropod","Planorboidea","Pulmonata","Gastropoda","205210",NA
"mercenaria mercenaria","other_bivalves","Large_bivalve","bivalves","bivalve","Venerida","Veneroida","Bivalvia","81496",NA
"microdeutopus gryllotalpa","amphipods_isopods","small_crust","small_crust","amphipod","Aoridae","Amphipoda","Malacostraca",NA,NA
"microphiopholis atra",NA,NA,NA,"echinoderm","Amphiuridae","Ophiurida","Ophiuroidea",NA,NA
"microphthalmus aberrans","polychaete","polychaete","worms","polychaete","Hesionidae","Phyllodocida","Polychaeta","65478",NA
"microphthalmus sczelkow","polychaete","polychaete","worms","polychaete","Hesionidae","Phyllodocida","Polychaeta",NA,NA
"microphthalmus sczelkowii","polychaete","polychaete","worms","polychaete","Hesionidae","Phyllodocida","Polychaeta",NA,NA
"microphthalmus spp.","polychaete","polychaete","worms","polychaete","Hesionidae","Phyllodocida","Polychaeta",NA,NA
"microprotopus raneyi","amphipods_isopods","amphipods","small_crust","amphipod","Isaeidae","Amphipoda","Malacostraca","94122",NA
"microspio pigmentata","polychaete","polychaete","worms","polychaete","Spionidae","Spionida","Polychaeta","66972",NA
"micrura leidyi",NA,NA,"worms","worm_nemertean","Lineidae","Monostilifera","Enopla","57477",NA
"modiolus modiolus","other_bivalves","Large_bivalve","bivalves","bivalve","Mytillidae","Mytilida","Bivalvia","79501",NA
"molgula lutulenta",NA,NA,NA,"tunicate","Mogulidae","Stolidobranchia","Ascidiacea","159581",NA
"molgula manhattensis",NA,NA,NA,"tunicate","Mogulidae","Stolidobranchia","Ascidiacea","159557",NA
"monocorophium acherusic","amphipods_isopods","amphipods","small_crust","amphipod","Corophiidae","Amphipoda","Malacostraca",NA,NA
"monocorophium acherusicum","amphipods_isopods","amphipods","small_crust","amphipod","Corophiidae","Amphipoda","Malacostraca",NA,NA
"monocorophium insidiosu","amphipods_isopods","amphipods","small_crust","amphipod","Corophiidae","Amphipoda","Malacostraca",NA,NA
"monocorophium insidiosum","amphipods_isopods","amphipods","small_crust","amphipod","Corophiidae","Amphipoda","Malacostraca",NA,NA
"monocorophium tubercula","amphipods_isopods","amphipods","small_crust","amphipod","Corophiidae","Amphipoda","Malacostraca",NA,NA
"monocorophium tuberculatum","amphipods_isopods","amphipods","small_crust","amphipod","Corophiidae","Amphipoda","Malacostraca",NA,NA
"monticellina dorsobranc","polychaete","polychaete","worms","polychaete","Cirratulidae","Terebellida","Polychaeta",NA,NA
"monticellina dorsobranchialis","polychaete","polychaete","worms","polychaete","Cirratulidae","Terebellida","Polychaeta",NA,NA
"mucrogammarus mucronatu","amphipods_isopods","amphipods","small_crust","amphipod","Gammaridae","Amphipoda","Malacostraca",NA,NA
"mucrogammarus mucronatus","amphipods_isopods","amphipods","small_crust","amphipod","Gammaridae","Amphipoda","Malacostraca",NA,NA
"mulinia lateralis","other_bivalves","Small_bivalve","bivalves","bivalve","Mactridae","Veneroida","Bivalvia","80959",NA
"musculium spp.","other_bivalves","Small_bivalve","bivalves","bivalve","Sphaeriidae","Veneroida","Bivalvia",NA,NA
"musculium transversum","other_bivalves","Small_bivalve","bivalves","bivalve","Sphaeriidae","Veneroida","Bivalvia","81428",NA
"mya arenaria","other_bivalves","Large_bivalve","bivalves","bivalve","Myidae","Myoida","Bivalvia","81692",NA
"mysella planulata","other_bivalves","Small_bivalve","bivalves","bivalve","Montacutidae","Veneroida","Bivalvia","80661",NA
"mysidae","mysids","small_crust","small_crust","mysid","Mysidae","Mysida","Malacostraca","89856",NA
"mystides borealis","polychaete","polychaete","worms","polychaete","Phyllodocidae","Phyllodocida","Polychaeta",NA,NA
"mytilidae","other_bivalves","Large_bivalve","bivalves","bivalve","Mytilidae","Mytiloida","Bivalvia",NA,NA
"mytilopsis leucophaeata","other_bivalves","Small_bivalve","bivalves","bivalve","Dreissenidae","Veneroida","Bivalvia","81335",NA
"mytilus edulis","other_bivalves","Large_bivalve","bivalves","bivalve","Mytilidae","Mytiloida","Bivalvia","79454",NA
"nais communis",NA,"oligocheate","worms","oligocheate","Tubificidae","Tubificida","Oligochaeta","68950",NA
"nais simplex",NA,"oligocheate","worms","oligocheate","Tubificidae","Tubificida","Oligochaeta","68957",NA
"nais spp.",NA,"oligocheate","worms","oligocheate","Tubificidae","Tubificida","Oligochaeta",NA,NA
"nais variabilis",NA,"oligocheate","worms","oligocheate","Tubificidae","Tubificida","Oligochaeta","68959",NA
"nanocladius distinctus",NA,"chironomid","insect","insect","Chironomidae","Diptera","Insecta","128853",NA
"nanocladius spp.",NA,"chironomid","insect","insect","Chironomidae","Diptera","Insecta",NA,NA
"nassarius spp.",NA,"gastropod","Gastropods","gastropod","Nassaridae","caenogastropoda","Gastropoda",NA,NA
"nassarius trivittatus",NA,"gastropod","Gastropods","gastropod","Nassaridae","caenogastropoda","Gastropoda","74109",NA
"nassarius vibex",NA,"gastropod","Gastropods","gastropod","Nassaridae","caenogastropoda","Gastropoda","74107",NA
"natarsia spp.",NA,"chironomid","insect","insect","Chironomidae","Diptera","Insecta",NA,NA
"naticidae","gastropod","gastropod","Gastropods","gastropod","Naticidae","Littorinimorpha","Gastropoda",NA,NA
"neanthes arenaceodentata","polychaete","polychaete","worms","polychaete","Nereididae","Phyllodocida","Polychaeta",NA,NA
"neanthes succinea","polychaete","polychaete","worms","polychaete","Nereididae","Phyllodocida","Polychaeta","65918",NA
"nectopsyche spp.","insect","insect","insect","insect","Leptoceridae","Trichoptera","Insecta",NA,NA
"nemertina",NA,NA,"worms","worm_nemertean",NA,NA,NA,NA,NA
"neomysis americana","mysids","small_crust","small_crust","mysid","Mysidae","Mysida","Malacostraca","90062",NA
"neorhabdocela",NA,NA,NA,"platyhelminth",NA,NA,"Rhabdocoela",NA,NA
"nephtyidae","polychaete","polychaete","worms","polychaete","Nephtyidae","Phyllodocida","Polychaeta","66010",NA
"nephtys bucera","polychaete","polychaete","worms","polychaete","Nephtyidae","Phyllodocida","Polychaeta","66027",NA
"nephtys incisa","polychaete","polychaete","worms","polychaete","Nephtyidae","Phyllodocida","Polychaeta","66028",NA
"nephtys picta","polychaete","polychaete","worms","polychaete","Nephtyidae","Phyllodocida","Polychaeta","66030",NA
"nephtys spp.","polychaete","polychaete","worms","polychaete","Nephtyidae","Phyllodocida","Polychaeta",NA,NA
"nereididae","polychaete","polychaete","worms","polychaete","Nereididae","Phyllodocida","Polychaeta",NA,NA
"nereis grayi","polychaete","polychaete","worms","polychaete","Nereididae","Phyllodocida","Polychaeta",NA,NA
"nereis spp.","polychaete","polychaete","worms","polychaete","Nereididae","Phyllodocida","Polychaeta",NA,NA
"no organisms present",NA,NA,NA,"No Organisms Present",NA,NA,NA,NA,NA
"notocirrus spiniferus","polychaete","polychaete","worms","polychaete","Oenonidae","Eunicida","Polychaeta","           ",NA
"notomastus hemipodus","polychaete","polychaete","worms","polychaete","Capitellidae","Scolecida","Polychaeta",NA,NA
"notomastus sp. a ewing","polychaete","polychaete","worms","polychaete","Capitellidae","Scolecida","Polychaeta",NA,NA
"notomastus spp.","polychaete","polychaete","worms","polychaete","Capitellidae","Scolecida","Polychaeta",NA,NA
"nucula proxima","other_bivalves","Small_bivalve","bivalves","bivalve","Nuculidae","Nuculida","Bivalvia","79132",NA
"nuculana messanensis","other_bivalves","Small_bivalve","bivalves","bivalve","Nuculanidae","Nuculoida","Bivalvia","79212",NA
"nuculana spp.","other_bivalves","Small_bivalve","bivalves","bivalve","Nuculanidae","Nuculoida","Bivalvia",NA,NA
"nudibranchia",NA,"gastropod","Gastropods","gastropod",NA,"Nudibranchia","Gastropoda","78156",NA
"odonata","insect","insect","insect","insect",NA,"odonata","Insecta",NA,NA
"odontosyllis fulgurans","polychaete","polychaete","worms","polychaete","Syllidae","Phyllodocida","Polychaeta",NA,NA
"odostomia engonia",NA,"gastropod","Gastropods","gastropod","Pyramidellidae","Heterostropha","Gastropoda","75504",NA
"odostomia spp.",NA,"gastropod","Gastropods","gastropod","Pyramidellidae","Heterostropha","Gastropoda",NA,NA
"oecetis cf. parva","insect","insect","insect","insect","Leptoceridae","Trichoptera","Insecta",NA,NA
"oecetis conspicua","insect","insect","insect","insect","Leptoceridae","Trichoptera","Insecta",NA,NA
"oecetis furva group","insect","insect","insect","insect","Leptoceridae","Trichoptera","Insecta",NA,NA
"oecetis inconspicua","insect","insect","insect","insect","Leptoceridae","Trichoptera","Insecta","116613",NA
"oecetis spp.","insect","insect","insect","insect","Leptoceridae","Trichoptera","Insecta",NA,NA
"ogyrides alphaerostris",NA,"large_decapod","decapod_shrimp","decapod_shrimp","Ogyrididae","Decapoda","Malacostraca","96737",NA
"oligochaeta",NA,"oligocheate","worms","oligocheate",NA,NA,"Oligochaeta","68422",NA
"onchidoris aspersa",NA,"gastropod","Gastropods","nudibranch","Onchidorididae","Nudibranchia","Gastropoda","78377",NA
"onuphis eremita","polychaete","polychaete","worms","polychaete","Onuphidae","Eunicida","Polychaeta",NA,NA
"ophelia denticulata","polychaete","polychaete","worms","polychaete","Opheliidae","Scolecida","Polychaeta",NA,NA
"ophiuroidea",NA,NA,NA,"echinoderm",NA,NA,NA,"157325",NA
"optioservus spp.",NA,NA,"insect","insect","Elmidae","Coleoptera","Insecta",NA,NA
"orbiniidae","polychaete","polychaete","worms","polychaete","Orbiniidae","Scolecida","Polychaeta","66570",NA
"orthocladiinae",NA,"chironomid","insect","insect","Chironomidae","Diptera","Insecta","128457",NA
"orthotrichia spp.","insect","insect","insect","insect","Hydroptillidae","Trichoptera","Insecta",NA,NA
"ovalipes ocellatus","decapod_crab","decapod_crab","decapod_crab","decapod_crab","Ovalipidae","Decapoda","Malacostraca",NA,NA
"owenia fusiformis","polychaete","polychaete","worms","polychaete","Oweniidae","Sabellida","Polychaeta","67647",NA
"oxyurostylis smithi",NA,"small_crust","small_crust","cumacean","Diastylidae","Cumacea","Malacostraca","90923",NA
"pagurus acadianus",NA,"large_decapod","decapod_crab","decapod_crab","Paguridae","Decapoda","Malacostraca",NA,NA
"pagurus annulipes",NA,"large_decapod","decapod_crab","decapod_crab","Paguridae","Decapoda","Malacostraca","97804",NA
"pagurus longicarpus",NA,"large_decapod","decapod_crab","decapod_crab","Paguridae","Decapoda","Malacostraca","97807",NA
"pagurus pubescens",NA,"large_decapod","decapod_crab","decapod_crab","Paguridae","Decapoda","Malacostraca",NA,NA
"pagurus spp.",NA,"large_decapod","decapod_crab","decapod_crab","Paguridae","Decapoda","Malacostraca",NA,NA
"palaemonetes pugio",NA,"large_decapod","decapod_shrimp","decapod_shrimp","Palaemonidae","Decapoda","Malacostraca","96390",NA
"palaemonetes spp.",NA,"large_decapod","decapod_shrimp","decapod_shrimp","Palaemonidae","Decapoda","Malacostraca",NA,NA
"palaemonidae",NA,"large_decapod","decapod_shrimp","decapod_shrimp","Palaemonidae","Decapoda","Malacostraca","96213",NA
"palpomyia spp.",NA,NA,"insect","insect","Ceratopogonidae","Diptera","Insecta",NA,NA
"pandora gouldiana","other_bivalves","Small_bivalve","bivalves","bivalve","Pandoridae","Pholadomyoida","Bivalvia","81896",NA
"pandora trilineata","other_bivalves","Small_bivalve","bivalves","bivalve","Pandoridae","Pholadomyoida","Bivalvia","81895",NA
"panopeus herbstii","mud_crab","large_decapod","decapod_crab","decapod_crab","Panopeidae","Decapoda","Malacostraca","98778",NA
"paracaprella tenuis","amphipods_isopods","amphipods","small_crust","amphipod","Caprellidae","Amphipoda","Malacostraca","95434",NA
"paracerceis caudata","amphipods_isopods","isopods","small_crust","isopod","Sphaeromatidae","Isopoda","Malacostraca",NA,NA
"parachironomus spp.","insect","insect","insect","chironomid","Chironomidae","Diptera","Insecta",NA,NA
"paradoneis sp. b morris","polychaete","polychaete","worms","polychaete","Paraonidae","Scolecida","Polychaeta",NA,NA
"parahaustorius longimerus","amphipods_isopods","amphipods","small_crust","amphipod","Haustoriidae","Amphipoda","Malacostraca",NA,NA
"parahesione luteola","polychaete","polychaete","worms","polychaete","Hesionidae","Phyllodocida","Polychaeta","65493",NA
"parametopella cypris","amphipods_isopods","amphipods","small_crust","amphipod","Stenothoidae","Amphipoda","Malacostraca","94927",NA
"parametriocnemus spp.","insect","chironomid","insect","chironomid","Chironomidae","Diptera","Insecta",NA,NA
"paranais frici",NA,"oligocheate","worms","oligocheate","Naididae","Tubificida","Oligochaeta","68865",NA
"paranais litoralis",NA,"oligocheate","worms","oligocheate","Naididae","Tubificida","Oligochaeta","68863",NA
"paranais spp.",NA,"oligocheate","worms","oligocheate","Naididae","Tubificida","Oligochaeta",NA,NA
"paranaitis speciosa","polychaete","polychaete","worms","polychaete","Phyllodocidae","Phyllodocida","Polychaeta","65321",NA
"parandalia tricuspis","polychaete","polychaete","worms","polychaete","Pilargidae","Phyllodocida","Polychaeta",NA,NA
"paraonidae","polychaete","polychaete","worms","polychaete","Paraonidae","Cirratulida","Polychaeta",NA,NA
"paraonis fulgens","polychaete","polychaete","worms","polychaete","Paraonidae","Cirratulida","Polychaeta","66697",NA
"parapionosyllis longici","polychaete","polychaete","worms","polychaete","Syllidae","Phyllodocida","Polychaeta",NA,NA
"parapionosyllis longicirrata","polychaete","polychaete","worms","polychaete","Syllidae","Phyllodocida","Polychaeta",NA,NA
"paraprionospio pinnata","polychaete","polychaete","worms","polychaete","Spionidae","Spionida","Polychaeta","66937",NA
"parvilucina crenella","other_bivalves","Small_bivalve","bivalves","bivalve","Lucinidae","Lucinida","Bivalvia","80390",NA
"pectinaria gouldii","polychaete","polychaete","worms","polychaete","Pectinariidae","Terebellida","Polychaeta",NA,NA
"pentamera pulcherrima","holothurian","holothurian","holothurian","holothurian","Phyllophoridae","Dendrochirotida","Holothuroidea",NA,NA
"periploma spp.","other_bivalves","Small_bivalve","bivalves","bivalve","Perplomatidae","Pholadomyoida","Bivalvia",NA,NA
"petricola pholadiformis","other_bivalves","Large_bivalve","bivalves","bivalve","Petricolidae","veneroida","Bivalvia","81627",NA
"pholoe minuta","polychaete","polychaete","worms","polychaete","Pectinariidae","Terebellida","Polychaeta","65074",NA
"phoronis spp.",NA,NA,"worms","worm_phoronidae","Phoronidae",NA,NA,NA,NA
"photis pollex","amphipods_isopods","amphipods","small_crust","amphipod","Photidae","Amphipoda","Malacostraca","94078",NA
"photis reinhardi","amphipods_isopods","amphipods","small_crust","amphipod","Photidae","Amphipoda","Malacostraca",NA,NA
"photis spp.","amphipods_isopods","amphipods","small_crust","amphipod","Photidae","Amphipoda","Malacostraca",NA,NA
"phyllodoce arenae","polychaete","polychaete","worms","polychaete","Pholoidae","Phyllodocida","Polychaeta","65366",NA
"phyllodoce fragilis","polychaete","polychaete","worms","polychaete","Pholoidae","Phyllodocida","Polychaeta","65337",NA
"phyllodocidae","polychaete","polychaete","worms","polychaete","Pholoidae","Phyllodocida","Polychaeta",NA,NA
"physa spp.","gastropod","gastropod","Gastropods","gastropod","Physidae","Heterobranchia","Gastropoda",NA,NA
"physella spp.","gastropod","gastropod","Gastropods","gastropod","Physidae","Heterobranchia","Gastropoda",NA,NA
"pilargidae","polychaete","polychaete","worms","polychaete","Pilargidae","Phyllodocida","Polychaeta","65540",NA
"pinnixa chaetopterana",NA,"large_decapod","decapod_crab","decapod_crab","Pinnotheridae","Decapoda","Malacostraca","98998",NA
"pinnixa lunzi",NA,"large_decapod","decapod_crab","decapod_crab","Pinnotheridae","Decapoda","Malacostraca",NA,NA
"pinnixa retinens",NA,"large_decapod","decapod_crab","decapod_crab","Pinnotheridae","Decapoda","Malacostraca","99001",NA
"pinnixa sayana",NA,"large_decapod","decapod_crab","decapod_crab","Pinnotheridae","Decapoda","Malacostraca","99002",NA
"pinnixa spp.",NA,"large_decapod","decapod_crab","decapod_crab","Pinnotheridae","Decapoda","Malacostraca",NA,NA
"pisidium compressum","other_bivalves","Small_bivalve","bivalves","bivalve","Sphaeriidae","veneroida","Bivalvia",NA,NA
"pisidium spp.","other_bivalves","Small_bivalve","bivalves","bivalve","Sphaeriidae","veneroida","Bivalvia",NA,NA
"pista cristata","polychaete","polychaete","worms","polychaete","Terebellidae","Terebellida","Polychaeta",NA,NA
"pista palmata","polychaete","polychaete","worms","polychaete","Terebellidae","Terebellida","Polychaeta","67947",NA
"pista quadrilobata","polychaete","polychaete","worms","polychaete","Terebellidae","Terebellida","Polychaeta","67951",NA
"planorbidae","gastropod","gastropod","Gastropods","gastropod","Planorbidae","Planorboidea","Gastropoda",NA,NA
"platynereis dumerilii","polychaete","polychaete","worms","polychaete","Nereididae","Phyllodocida","Polychaeta","65950",NA
"pleurocera spp.","gastropod","gastropod","Gastropods","gastropod","Pleuroceridae","Cerithioidae","Gastropoda",NA,NA
"pleusymtes glaber","amphipods_isopods","amphipods","small_crust","amphipod","Pleustidae","Amphipoda","Malacostraca","94797",NA
"podarke obscura","polychaete","polychaete","worms","polychaete","Hesionidae","Phyllodocida","Polychaeta","65517",NA
"podarkeopsis levifuscin","polychaete","polychaete","worms","polychaete","Hesionidae","Phyllodocida","Polychaeta",NA,NA
"podarkeopsis levifuscina","polychaete","polychaete","worms","polychaete","Hesionidae","Phyllodocida","Polychaeta",NA,NA
"polinices duplicatus",NA,"gastropod","Gastropods","gastropod","Naticidae","Littorinimorpha","Gastropoda","72918",NA
"polinices spp.",NA,"gastropod","Gastropods","gastropod","Naticidae","Littorinimorpha","Gastropoda",NA,NA
"polycirrus eximius","polychaete","polychaete","worms","polychaete","Terebellidae","Terebellida","Polychaeta","67963",NA
"polydora cornuta","polychaete","polychaete","worms","polychaete","Spionidae","Spionida","Polychaeta","204501",NA
"polydora websteri","polychaete","polychaete","worms","polychaete","Spionidae","Spionida","Polychaeta","66802",NA
"polygordius spp.","polychaete","polychaete","worms","polychaete","Polygordiidae","Canalipalpata","Polychaeta",NA,NA
"polymesoda caroliniana","other_bivalves","Large_bivalve","bivalves","bivalve","Cyrenidae","Venerida","Bivalvia",NA,NA
"polynoidae","polychaete","polychaete","worms","polychaete","Polynoidae","Phyllodocida","Polychaeta",NA,NA
"polyonyx gibbesi",NA,"large_decapod","decapod_crab","decapod_crab","Porcellanidae","Decapoda","Malacostraca","98083",NA
"polypedilum convictum",NA,"chironomid","insect","chironomid","Chironomidae","Diptera","Insecta","129671",NA
"polypedilum halterale g",NA,"chironomid","insect","chironomid","Chironomidae","Diptera","Insecta",NA,NA
"polypedilum halterale group",NA,"chironomid","insect","chironomid","Chironomidae","Diptera","Insecta",NA,NA
"polypedilum illinoense",NA,"chironomid","insect","chironomid","Chironomidae","Diptera","Insecta","129686",NA
"polypedilum illinoense group",NA,"chironomid","insect","chironomid","Chironomidae","Diptera","Insecta",NA,NA
"polypedilum scalaenum group",NA,"chironomid","insect","chironomid","Chironomidae","Diptera","Insecta",NA,NA
"polypedilum simulans/digitifer",NA,"chironomid","insect","chironomid","Chironomidae","Diptera","Insecta",NA,NA
"polypedilum spp.",NA,"chironomid","insect","chironomid","Chironomidae","Diptera","Insecta",NA,NA
"potamothrix vejdovskyi","oligochaete","oligocheate","worms","oligocheate","Naididae","Clitellata","Oligochaeta",NA,NA
"prionospio heterobranchia","polychaete","polychaete","worms","polychaete","Spionidae","Spionida","Polychaeta",NA,NA
"prionospio perkinsi","polychaete","polychaete","worms","polychaete","Spionidae","Spionida","Polychaeta","66854",NA
"pristina osborni","oligochaete","oligocheate","worms","oligocheate","Naididae","Clitellata","Oligochaeta",NA,NA
"pristinella osborni",NA,"oligocheate","worms","oligocheate","Naididae","Tubificida","Oligochaeta","69026",NA
"probezzia spp.",NA,NA,"insect","insect","Ceratopogonidae         Diptera","Diptera","Insecta",NA,NA
"proceraea cornuta","polychaete","polychaete","worms","polychaete","Syllidae","Phyllodocida","Polychaeta","65591",NA
"proceraea spp.","polychaete","polychaete","worms","polychaete","Syllidae","Phyllodocida","Polychaeta",NA,NA
"procladius spp.",NA,"chironomid","insect","insect","Chironomidae","Diptera","Insecta",NA,NA
"procladius sublettei",NA,"chironomid","insect","insect","Chironomidae","Diptera","Insecta","128316",NA
"prostoma rubrum","nemertean","nemertean","worms","nemertean","Tetrastemmatidae","Hoplonemertea","Nemertea",NA,NA
"protodrilus spp.","polychaete","polychaete","worms","polychaete","Protodrilidae","Polychaeta incertae sedis","Polychaeta",NA,NA
"protohaustorius deichmannae","amphipods_isopods","amphipods","small_crust","amphipod","Haustoriidae","Amphipoda","Malacostraca",NA,NA
"protohaustorius wigleyi","amphipods_isopods","amphipods","small_crust","amphipod","Haustoriidae","Amphipoda","Malacostraca",NA,NA
"prunum roscidum",NA,"gastropod","Gastropods","gastropod","Marginellidae","Neogastropoda","Gastropoda","74409",NA
"pseudeurythoe paucibran","polychaete","polychaete","worms","polychaete","Amphinomidae","Amphinomida","Polychaeta",NA,NA
"pseudeurythoe paucibranchiata","polychaete","polychaete","worms","polychaete","Amphinomidae","Amphinomida","Polychaeta",NA,NA
"pseudochironomus fulviv",NA,"chironomid","insect","chironomid","Chironomidae","Diptera","Insecta",NA,NA
"pseudochironomus fulviventris",NA,"chironomid","insect","chironomid","Chironomidae","Diptera","Insecta",NA,NA
"pseudohaustorius caroliniensis","amphipods_isopods","amphipods","small_crust","amphipod","Haustoriidae","Amphipoda","Malacostraca",NA,NA
"pseudoleptocuma minor",NA,"small_crust","small_crust","cumacean","Bodotriidae","Cumacea","Malacostraca","91040",NA
"pseudopotamilla reniformis","polychaete","polychaete","worms","polychaete","Sabellaridae","Sabellida","Polychaeta",NA,NA
"ptilanthura tenuis","amphipods_isopods","isopods","small_crust","isopod","Anthuridae","Isopoda","Malacostraca","92155",NA
"pycnogonida",NA,NA,NA,"pycnogonid",NA,"Pantopoda","Pycnogonida","83545",NA
"pyramidellidae",NA,"gastropod","Gastropods","gastropod","Pyramidellidae","Heterostropha","Gastropoda","75446",NA
"quistadrilus multisetos",NA,"oligocheate","worms","oligocheate","Naididae","Tubificida","Oligochaeta",NA,NA
"quistadrilus multisetosus",NA,"oligocheate","worms","oligocheate","Naididae","Tubificida","Oligochaeta",NA,NA
"rangia cuneata","other_bivalves","Large_bivalve","bivalves","bivalve","Mactridae","veneroida","Bivalvia","80962",NA
"rheotanytarsus spp.",NA,"chironomid","insect","insect","Chironominae","Diptera","Insecta",NA,NA
"rhepoxynius epistomus","amphipods_isopods","amphipods","small_crust","amphipod","Phoxocephallidae","Amphipoda","Malacostraca","94728",NA
"rhithropanopeus harrisi",NA,"large_decapod","decapod_crab","decapod_crab","Panopeidae","Decapoda","Malacostraca",NA,NA
"rhithropanopeus harrisii",NA,"large_decapod","decapod_crab","decapod_crab","Panopeidae","Decapoda","Malacostraca",NA,NA
"rictaxis punctostriatus",NA,"gastropod","Gastropods","gastropod","Acteocinidae","Heterostropha","Gastropoda","76083",NA
"sabaco elongatus","polychaete","polychaete","worms","polychaete","Maldanidae","Scolecida","Polychaeta",NA,NA
"sabellaria vulgaris","polychaete","polychaete","worms","polychaete","Sabellaridae","Canalipalpata","Polychaeta","67671",NA
"saccoglossus kowalevski",NA,NA,NA,"hemichordate","Harrimaniidae","Enteropneusta","Enteropneusta",NA,NA
"saccoglossus kowalevskii",NA,NA,NA,"hemichordate","Harrimaniidae","Enteropneusta","Enteropneusta",NA,NA
"samythella elongata","polychaete","polychaete","worms","polychaete","Ampharetidae","Terebellida","Polychaeta",NA,NA
"sayella chesapeakea",NA,"gastropod","Gastropods","gastropod","Pyramidellidae","Heterostropha","Gastropoda","70946",NA
"scalibregma inflatum","polychaete","polychaete","worms","polychaete","Scalibregmatidae","Scolecida","Polychaeta",NA,NA
"scolelepis bousfieldi","polychaete","polychaete","worms","polychaete","Spionidae","Spionida","Polychaeta","66944",NA
"scolelepis spp.","polychaete","polychaete","worms","polychaete","Spionidae","Spionida","Polychaeta",NA,NA
"scolelepis squamata","polychaete","polychaete","worms","polychaete","Spionidae","Spionida","Polychaeta","66943",NA
"scolelepis texana","polychaete","polychaete","worms","polychaete","Spionidae","Spionida","Polychaeta","66949",NA
"scoletoma fragilis","polychaete","polychaete","worms","polychaete","Lumbrineridae","Eunicida","Polychaeta",NA,NA
"scoletoma tenuis","polychaete","polychaete","worms","polychaete","Lumbrineridae","Eunicida","Polychaeta",NA,NA
"scoloplos rubra","polychaete","polychaete","worms","polychaete","Orbiniidae","Scolecida","Polychaeta","66603",NA
"scoloplos texana","polychaete","polychaete","worms","polychaete","Orbiniidae","Scolecida","Polychaeta",NA,NA
"seila adamsi","gastropod","gastropod","Gastropods","gastropod","Cerithiopsidae","caenogastropoda","Gastropoda",NA,NA
"semele purpurascens","other_bivalves","Small_bivalve","bivalves","bivalve","Semelidae","Cardiida","Bivalvia",NA,NA
"sialis spp.","insect","insect","insect","insect","Sialidae","Megaloptera","Insecta",NA,NA
"sigalion arenicola","polychaete","polychaete","worms","polychaete","Sigalionidae","Phyllodocida","Polychaeta",NA,NA
"sigambra bassi","polychaete","polychaete","worms","polychaete","Pilargidae","Phyllodocida","Polychaeta","65554",NA
"sigambra spp.","polychaete","polychaete","worms","polychaete","Pilargidae","Phyllodocida","Polychaeta",NA,NA
"sigambra tentaculata","polychaete","polychaete","worms","polychaete","Pilargidae","Phyllodocida","Polychaeta","65552",NA
"siliqua costata","Razor_clams","Large_bivalve","bivalves","bivalve","Pharidae","Adapedonta","Bivalvia",NA,NA
"sipuncula",NA,NA,"worms","worm_sipunculid",NA,NA,NA,"154520",NA
"skeneopsis planorbis","gastropod","gastropod","Gastropods","gastropod","Skeneopsidae","Littorinimorpha","Gastropoda",NA,NA
"solemya velum","other_bivalves","Small_bivalve","bivalves","bivalve","Solemyidae","Solemyoida","Bivalvia","79316",NA
"sphaeriidae","other_bivalves","Small_bivalve","bivalves","bivalve","Sphaeriidae","Veneroida","Bivalvia","81389",NA
"sphaerium spp.","other_bivalves","Small_bivalve","bivalves","bivalve","Sphaeriidae","Veneroida","Bivalvia",NA,NA
"sphaerodoropsis spp.","polychaete","polychaete","worms","polychaete","Sphaerodoridae","Phyllodocida","Polychaeta",NA,NA
"sphaeroma quadridentatum","amphipods_isopods","isopods","small_crust","isopod","Sphaeromatidae","Isopoda","Malacostraca",NA,NA
"sphaerosyllis spp.","polychaete","polychaete","worms","polychaete","Syllidae","Phyllodocida","Polychaeta",NA,NA
"sphaerosyllis taylori","polychaete","polychaete","worms","polychaete","Syllidae","Phyllodocida","Polychaeta","65747",NA
"spio setosa","polychaete","polychaete","worms","polychaete","Spionidae","Spionida","Polychaeta","66868",NA
"spiochaetopterus costar","polychaete","polychaete","worms","polychaete","Chaetopteridae","Phyllodocida","Polychaeta",NA,NA
"spiochaetopterus costarum","polychaete","polychaete","worms","polychaete","Chaetopteridae","Phyllodocida","Polychaeta",NA,NA
"spionidae","polychaete","polychaete","worms","polychaete","Spionidae","Spionida","Polychaeta",NA,NA
"spiophanes bombyx","polychaete","polychaete","worms","polychaete","Chaetopteridae","Phyllodocida","Polychaeta","66897",NA
"spisula solidissima","other_bivalves","Large_bivalve","bivalves","bivalve","Mactridae","Venerida","Bivalvia",NA,NA
"squilla empusa","mantis_shrimp","large_decapod","decapod_shrimp","mantis_shrimp","Squillidae","Decapoda","Malacostraca","99143",NA
"stenelmis crenata","insect","insect","insect","insect","Elmidae","Coleoptera","Insecta",NA,NA
"stenelmis spp.","insect","insect","insect","insect","Elmidae","Coleoptera","Insecta",NA,NA
"stenopleustes gracilis","amphipods_isopods","amphipods","small_crust","amphipod","Pleustidae","Amphipoda","Malacostraca",NA,NA
"stenothoe minuta","amphipods_isopods","amphipods","small_crust","amphipod","Stenothoidae","Amphipoda","Malacostraca","94936",NA
"stenothoe spp.","amphipods_isopods","amphipods","small_crust","amphipod","Stenothoidae","Amphipoda","Malacostraca",NA,NA
"stephensoniana spp.","oligochaete","oligocheate","worms","oligocheate","Naididae","Tubificida","Oligochaeta",NA,NA
"sthenelais boa","polychaete","polychaete","worms","polychaete","Sigalionidae","Phyllodocida","Polychaeta",NA,NA
"sthenelais spp.","polychaete","polychaete","worms","polychaete","Sigalionidae","Phyllodocida","Polychaeta",NA,NA
"stictochironomus caffar",NA,"chironomid","insect","insect","Chironomidae","Diptera","Insecta",NA,NA
"stictochironomus caffarius",NA,"chironomid","insect","insect","Chironomidae","Diptera","Insecta",NA,NA
"stictochironomus spp. g",NA,"chironomid","insect","insect","Chironomidae","Diptera","Insecta",NA,NA
"stictochironomus spp. group",NA,"chironomid","insect","insect","Chironomidae","Diptera","Insecta",NA,NA
"streblospio benedicti","polychaete","polychaete","worms","polychaete","Spionidae","Spionida","Polychaeta","66939",NA
"streptosyllis arenae","polychaete","polychaete","worms","polychaete","Syllidae","Phyllodocida","Polychaeta","65818",NA
"streptosyllis pettiboneae","polychaete","polychaete","worms","polychaete","Syllidae","Phyllodocida","Polychaeta",NA,NA
"stylaria lacustris","oligochaete","oligocheate","worms","oligocheate","Naididae","Tubificida","Oligochaeta",NA,NA
"stylochus ellipticus",NA,NA,"worms","flatworm","Stylochidae","Polycladida","Trepaxonemata","54089",NA
"syllidae","polychaete","polychaete","worms","polychaete","Syllidae","Phyllodocida","Polychaeta","65587",NA
"syllides floridanus","polychaete","polychaete","worms","polychaete","Syllidae","Phyllodocida","Polychaeta","65815",NA
"syllides fulva","polychaete","polychaete","worms","polychaete","Syllidae","Phyllodocida","Polychaeta","65811",NA
"syllides spp.","polychaete","polychaete","worms","polychaete","Syllidae","Phyllodocida","Polychaeta",NA,NA
"syllides verrilli","polychaete","polychaete","worms","polychaete","Syllidae","Phyllodocida","Polychaeta",NA,NA
"synidotea laevidorsalis","amphipods_isopods","isopods","small_crust","isopod","Idoteidae","Isopoda","Malacostraca",NA,NA
"synidotea laticauda","amphipods_isopods","isopods","small_crust","isopod","Idoteidae","Isopoda","Malacostraca","92581",NA
"synidotea spp.","amphipods_isopods","isopods","small_crust","isopod","Idoteidae","Isopoda","Malacostraca",NA,NA
"tagelus divisus","Razor_clams","Small_bivalve","bivalves","bivalve","Solecurtidae","Cardiida","Bivalvia","81274",NA
"tagelus plebeius","Razor_clams","Large_bivalve","bivalves","bivalve","Solecurtidae","Cardiida","Bivalvia","81272",NA
"tanaidacea",NA,"small_crust","small_crust","tanaidae","Tanaidae","Tanaidacea","Malacostraca","91061",NA
"tanypus neopunctipennis",NA,"chironomid","insect","insect","Chironomidae","Diptera","Insecta","128329",NA
"tanypus spp.",NA,"chironomid","insect","insect","Chironomidae","Diptera","Insecta",NA,NA
"tanypus stellatus",NA,"chironomid","insect","insect","Chironomidae","Diptera","Insecta",NA,NA
"tanystylum orbiculare",NA,NA,NA,"pycnogonid","Ammotheidae","Pantopoda","Pycnogonida","83618",NA
"tanytarsini",NA,"chironomid","insect","insect","Chironomidae","Diptera","Insecta","129872",NA
"tanytarsus spp.",NA,"chironomid","insect","insect","Chironomidae","Diptera","Insecta",NA,NA
"tanytarsus spp. g epler",NA,"chironomid","insect","insect","Chironomidae","Diptera","Insecta",NA,NA
"tellina agilis","other_bivalves","Small_bivalve","bivalves","bivalve","Tellinidae","Cardida","Bivalvia","81088",NA
"tellinidae","other_bivalves","Small_bivalve","bivalves","bivalve","Tellinidae","Cardida","Bivalvia","81032",NA
"terebellidae","polychaete","polychaete","worms","polychaete","Terebellidae","Terebellida","Polychaeta","67899",NA
"terebra dislocata","gastropod","gastropod","Gastropods","gastropod","Terebridae","Neogastropoda","Gastropoda",NA,NA
"thalassema hartmani","polychaete","polychaete","worms","polychaete","Echiuridae","Echiuroidea","Polychaeta","155119",NA
"tharyx sp. a morris","polychaete","polychaete","worms","polychaete","Cirratulidae","Terebellida","Polychaeta",NA,NA
"tharyx spp.","polychaete","polychaete","worms","polychaete","Cirratulidae","Terebellida","Polychaeta",NA,NA
"thienemannimyia group",NA,"chironomid","insect","insect","Chironomidae","Diptera","Insecta",NA,NA
"thyonella pervicax","holothurian","holothurian","holothurian","holothurian","Cucumariidae","Dendrochirotida","Holothuroidea",NA,NA
"trachypenaeus constrictus","other_shrimp","other_shrimp","other_shrimp","other_shrimp","Penaeidae","Decapoda","Malacostraca",NA,NA
"travisia spp.","polychaete","polychaete","worms","polychaete","Travisiidae","Scolecida","Polychaeta",NA,NA
"trichoptera",NA,NA,"insect","insect",NA,"Trichoptera","Insecta","115095",NA
"tubifex spp.",NA,"oligocheate","worms","oligocheate","Naididae","Tubificida","Oligochaeta",NA,NA
"tubificidae",NA,"oligocheate","worms","oligocheate","Naididae","Tubificida","Oligochaeta",NA,NA
"tubificidae imm. with c",NA,"oligocheate","worms","oligocheate","Naididae","Tubificida","Oligochaeta",NA,NA
"tubificidae imm. with capilliform chaetae",NA,"oligocheate","worms","oligocheate","Naididae","Tubificida","Oligochaeta",NA,NA
"tubificidae imm. withou",NA,"oligocheate","worms","oligocheate","Naididae","Tubificida","Oligochaeta",NA,NA
"tubificidae imm. without capilliform chaetae",NA,"oligocheate","worms","oligocheate","Naididae","Tubificida","Oligochaeta",NA,NA
"tubificoides spp.",NA,"oligocheate","worms","oligocheate","Naididae","Tubificida","Oligochaeta",NA,NA
"turbellaria",NA,NA,"worms","flatworm",NA,NA,NA,"53964",NA
"turbonilla interrupta",NA,"gastropod","Gastropods","gastropod","Pyramidellidae","Heterostropha","Gastropoda","75687",NA
"turbonilla spp.",NA,"gastropod","Gastropods","gastropod","Pyramidellidae","Heterostropha","Gastropoda",NA,NA
"turridae","gastropod","gastropod","Gastropods","gastropod","Turridae","Neogastropoda","Gastropoda",NA,NA
"uncinais uncinata","oligochaete","oligocheate","worms","oligocheate","Naididae","Tubificida","Oligochaeta",NA,NA
"unciola dissimilis","amphipods_isopods","amphipods","small_crust","amphipod","Unciolidae","Amphipoda","Malacostraca","93635",NA
"unciola irrorata","amphipods_isopods","amphipods","small_crust","amphipod","Unciolidae","Amphipoda","Malacostraca","93632",NA
"unciola serrata","amphipods_isopods","amphipods","small_crust","amphipod","Unciolidae","Amphipoda","Malacostraca","93633",NA
"unciola spp.","amphipods_isopods","amphipods","small_crust","amphipod","Unciolidae","Amphipoda","Malacostraca",NA,NA
"unionidae","other_bivalves","Large_bivalve","bivalves","bivalve","Unionidae","Unionoida","Bivalvia","79913",NA
"upogebia affinis",NA,"large_decapod","decapod_shrimp","Infaunal_shrimp","Upogebiidae","Decapoda","Malacostraca","98209",NA
"urnatella gracilis",NA,NA,NA,"Entroprocta","Barentsiidae",NA,NA,NA,NA
"urosalpinx cinerea","gastropod","gastropod","Gastropods","gastropod","Muricidae","caenogastropoda","Gastropoda",NA,NA
"valvata sincera","gastropod","gastropod","Gastropods","gastropod","Valvatidae","Valvatoidea","Gastropoda",NA,NA
"valvata spp.","gastropod","gastropod","Gastropods","gastropod","Valvatidae","Valvatoidea","Gastropoda",NA,NA
"viviparidae","gastropod","gastropod","Gastropods","gastropod","Viviparidae","caenogastropoda","Gastropoda",NA,NA
"viviparus georgianus","gastropod","gastropod","Gastropods","gastropod","Viviparidae","caenogastropoda","Gastropoda",NA,NA
"xanthidae",NA,"large_decapod","decapod_crab","decapod_crab","Xanthidae","Decapoda","Malacostraca","98748",NA
"xenochironomus spp.",NA,"chironomid","insect","chironomid","Chironomidae","Diptera","Insecta",NA,NA
"yoldia limatula","other_bivalves","Large_bivalve","bivalves","bivalve","Yoldiidae","Nuculoida","Bivalvia","79273",NA
