LBL,Aggregate_grp,Aggregate_grp2,Func_grp,General_grouping,Family,Order,Class ,TSN,NODC_CODE
ablabesmyia mallochi,insect,chironomid,insect,chironomid,Chironomidae,Diptera          ,Insecta,,
Ablabesmyia parajanta,insect,chironomid,insect,chironomid,Chironomidae,Diptera          ,Insecta,128112,
Ablabesmyia spp.,insect,chironomid,insect,chironomid,Chironomidae,Diptera          ,Insecta,#N/A,
Abra aequalis,other_bivalves,Small_bivalve,bivalves,bivalve,Semelidae,Cardiida            ,Bivalvia         ,81302,
acanthohaustorius intermedius,amphipods,amphipods,small_crust,amphipods_isopods,Haustoriidae ,Amphipoda,Malacostraca,,
acanthohaustorius millsi,amphipods,amphipods,small_crust,amphipods_isopods,Haustoriidae ,Amphipoda,Malacostraca,,
acentria ephemerella,insect,insect,insect,insect,Crambidae,Lepidoptera,Insecta,,
Acteocina canaliculata,gastropod,gastropod,Gastropods,gastropod,Acteocinidae,Cephalaspidea,Gastropoda,76117,
Aegathoa medialis,isopods,isopods,small_crust,amphipods_isopods,Cymothoidae  ,Isopoda         ,Malacostraca,92440,
Aeshna spp.,insect,insect,insect,insect,Aeshnidae,odonata     ,Insecta,#N/A,
Aglaophamus verrilli,polychaete,polychaete,worms,polychaete,Nephtyidae        ,Phyllodocida,Polychaeta,66052,
agraylea spp.,insect,insect,insect,insect,Hydroptillidae ,Trichoptera,Insecta       ,,
Aligena elevata,other_bivalves,Small_bivalve,bivalves,bivalve,Lasaeidae    ,veneroida  ,Bivalvia         ,80685,
Almyracuma proximoculi,cumacean,small_crust,small_crust,cumacean,Nannastacidae,Cumacea,Malacostraca,90979,
Alpheus heterochaelis,decapod_shrimp,large_decapod,decapod_shrimp,decapod_shrimp,Alpheidae ,Decapoda ,Malacostraca,96602,
Amastigos caperatus,polychaete,polychaete,worms,polychaete,Capitellidae,Scolecida,Polychaeta,#N/A,
Americamysis almyra,mysids,small_crust,small_crust,mysid,Mysidae  ,Mysida        ,Malacostraca,#N/A,
Americamysis bigelowi,mysids,small_crust,small_crust,mysid,Mysidae  ,Mysida        ,Malacostraca,#N/A,
Americamysis spp.,mysids,small_crust,small_crust,mysid,Mysidae  ,Mysida        ,Malacostraca,#N/A,
americhelidium americanum,amphipods,amphipods,small_crust,amphipods_isopods,Oedicerotidae,Amphipoda,Malacostraca,,
Ameroculodes species co,amphipods,amphipods,small_crust,amphipods_isopods,Oedicerotidae,Amphipoda,Malacostraca,#N/A,
ameroculodes species complex,amphipods,amphipods,small_crust,amphipods_isopods,Oedicerotidae,Amphipoda,Malacostraca,#N/A,
Amnicola limosa,gastropod,gastropod,Gastropods,gastropod,Amnicolidae,Cephalaspidea,Gastropoda,70748,
amnicola spp.,gastropod,gastropod,Gastropods,gastropod,Amnicolidae,Cephalaspidea,Gastropoda,,
Ampelisca abdita,amphipods,amphipods,small_crust,amphipods_isopods,Ampeliscidae,Amphipoda,Malacostraca,93329,
Ampelisca spp.,amphipods,amphipods,small_crust,amphipods_isopods,Ampeliscidae,Amphipoda,Malacostraca,#N/A,
ampelisca vadorum,amphipods,amphipods,small_crust,amphipods_isopods,Ampeliscidae,Amphipoda,Malacostraca,,
Ampelisca verrilli,amphipods,amphipods,small_crust,amphipods_isopods,Ampeliscidae,Amphipoda,Malacostraca,93331,
Ampharete acutifrons,polychaete,polychaete,worms,polychaete,Ampharetidae,Terebellida,Polychaeta,67735,
ampharetidae,polychaete,polychaete,worms,polychaete,Ampharetidae,Terebellida,Polychaeta,,
amphipoda,amphipods,amphipods,small_crust,amphipods_isopods,.,Amphipoda,Malacostraca,,
Amphiporus bioculatus,nemertean,nemertean,worms,nemertean,Amphiporidae,Monostilifera,Enopla              ,57533,
ampithoe longimana,amphipods,amphipods,small_crust,amphipods_isopods,Ampithoidae,Amphipoda,Malacostraca,,
Ampithoe valida,amphipods,amphipods,small_crust,amphipods_isopods,Ampithoidae,Amphipoda,Malacostraca,93424,
ampithoidae,amphipods,amphipods,small_crust,amphipods_isopods,Ampithoidae,Amphipoda,Malacostraca,,
amygdalum papyrium,other_bivalves,Small_bivalve,bivalves,bivalve,Mytillidae   ,Mytilida     ,Bivalvia         ,,
Anachis avara,gastropod,gastropod,Gastropods,gastropod,Columbellidae,Neogastropoda,Gastropoda,73617,
Anachis obesa,gastropod,gastropod,Gastropods,gastropod,Columbellidae,Neogastropoda,Gastropoda,73622,
Anadara ovalis,other_bivalves,Large_bivalve,bivalves,bivalve,Arcidae        ,Arcoida       ,Bivalvia         ,79342,
Anadara transversa,other_bivalves,Small_bivalve,bivalves,bivalve,Arcidae        ,Arcoida       ,Bivalvia         ,79340,
ancinus depressus,isopods,isopods,small_crust,amphipods_isopods,Ancinidae,Isopoda         ,Malacostraca,,
Ancistrosyllis commensa,polychaete,polychaete,worms,polychaete,Pilargidae,Phyllodocida,Polychaeta,#N/A,
ancistrosyllis commensalis,polychaete,polychaete,worms,polychaete,Pilargidae,Phyllodocida,Polychaeta,,
Ancistrosyllis hartmana,polychaete,polychaete,worms,polychaete,Pilargidae,Phyllodocida,Polychaeta,#N/A,
ancistrosyllis hartmanae,polychaete,polychaete,worms,polychaete,Pilargidae,Phyllodocida,Polychaeta,,
Ancistrosyllis jonesi,polychaete,polychaete,worms,polychaete,Pilargidae,Phyllodocida,Polychaeta,65544,
Ancistrosyllis spp.,polychaete,polychaete,worms,polychaete,Pilargidae,Phyllodocida,Polychaeta,#N/A,
ancylidae,gastropod,gastropod,Gastropods,gastropod,Planorbidae,Planorboidea,Gastropoda,,
anomia simplex,other_bivalves,Small_bivalve,bivalves,bivalve,Anomiidae,Pectinida,Bivalvia         ,,
Anthozoa,.,.,cnidaria,cnidaria,.,.,.,51938,
Antinoella sarsi,polychaete,polychaete,worms,polychaete,Polynoidae,Phyllodocida,Polychaeta,64411,
Apocorophium acutum,amphipods,amphipods,small_crust,amphipods_isopods,Corophioidea,Amphipoda,Malacostraca,#N/A,
Apocorophium lacustre,amphipods,amphipods,small_crust,amphipods_isopods,Corophioidea,Amphipoda,Malacostraca,#N/A,
Apocorophium simile,amphipods,amphipods,small_crust,amphipods_isopods,Corophioidea,Amphipoda,Malacostraca,#N/A,
apocorophium spp.,amphipods,amphipods,small_crust,amphipods_isopods,Corophioidea,Amphipoda,Malacostraca,,
Apoprionospio pygmaea,polychaete,polychaete,worms,polychaete,Spionidae   ,Spionida,Polychaeta,66847,
Arabella iricolor,polychaete,polychaete,worms,polychaete,Oenonidae,Eunicida  ,Polychaeta,66441,
Arabellidae,polychaete,polychaete,worms,polychaete,Arabellidae,Eunicida  ,Polychaeta,66422,
arbacia punctulata,echinoderm,echinoderm,echinoderm,echinoderm,Arbaciidae,Arbacioida,Echinoidea,,
Arcteonais lomondi,oligocheate,oligocheate,worms,oligocheate,Naididae     ,Tubificida,Oligochaeta,68976,
arcuatula papyria,other_bivalves,Small_bivalve,bivalves,bivalve,Mytillidae   ,Mytilida     ,Bivalvia         ,,
Aricidea catherinae,polychaete,polychaete,worms,polychaete,Paraonidae,Cirratulida,Polychaeta,66765,
Aricidea cerrutii,polychaete,polychaete,worms,polychaete,Paraonidae,Cirratulida,Polychaeta,204494,
Aricidea fragilis,polychaete,polychaete,worms,polychaete,Paraonidae,Cirratulida,Polychaeta,66678,
aricidea spp.,polychaete,polychaete,worms,polychaete,Paraonidae,Cirratulida,Polychaeta,,
Aricidea wassi,polychaete,polychaete,worms,polychaete,Paraonidae,Cirratulida,Polychaeta,66673,
Asabellides oculata,polychaete,polychaete,worms,polychaete,Ampharetidae,Terebellida,Polychaeta,67786,
ascidiacea,tunicate,tunicate,tunicate,tunicate,.,.,Ascidiacea,,
asellus spp.,isopods,isopods,small_crust,amphipods_isopods,Asellidae,Isopoda         ,Malacostraca,,
Astyris lunata,gastropod,gastropod,Gastropods,gastropod,Columbellidae,Neogastropoda,Gastropoda,#N/A,
Aulodrilus pigueti,oligocheate,oligocheate,worms,oligocheate,Naididae     ,Tubificida,Oligochaeta,68680,
Autolytus spp.,polychaete,polychaete,worms,polychaete,Syllidae   ,Phyllodocida,Polychaeta,#N/A,
Automate evermanni,decapod_shrimp,large_decapod,decapod_shrimp,decapod_shrimp,Alpheidae ,Decapoda ,Malacostraca,96679,
axarus spp.,insect,chironomid,insect,chironomid,Chironomidae,Diptera          ,Insecta       ,,
baetidae,insect,insect,insect,insect,Baetidae,Ephemeroptera,Insecta       ,,
baetis spp.,insect,insect,insect,insect,Baetidae,Ephemeroptera,Insecta       ,,
Balanoglossus aurantiac,worm_like_taxa,worm_like_taxa,worm_like_taxa,hemichordate,Ptychoderidae,Enteropneusta,Enteropneusta,#N/A,
balanoglossus aurantiacus,worm_like_taxa,worm_like_taxa,worm_like_taxa,hemichordate,Ptychoderidae,Enteropneusta,Enteropneusta,,
Balanus improvisus,barnacle,barnacle,barnacle,barnacle,Balanidae      ,Sessilia             ,Maxillopoda,89622,
balanus spp.,barnacle,barnacle,barnacle,barnacle,Balanidae      ,Sessilia             ,Maxillopoda,,
Barnea truncata,other_bivalves,Large_bivalve,bivalves,bivalve,Pholadidae,Myida          ,Bivalvia         ,81798,
basommatophora,gastropod,gastropod,Gastropods,gastropod,.,Basommatophora,Gastropoda,,
Batea catharinensis,amphipods,amphipods,small_crust,amphipods_isopods,Bateidea      ,Amphipoda,Malacostraca,93528,
bathyporeia parkeri,amphipods,amphipods,small_crust,amphipods_isopods,Bathyporeiidae,Amphipoda,Malacostraca,,
bellamya japonica,gastropod,gastropod,Gastropods,gastropod,Viviparidae,Architaenioglossa,Gastropoda,,
Bezzia spp.,insect,insect,insect,insect,Ceratopogonidae,Diptera          ,Insecta       ,#N/A,
Bhawania heteroseta,polychaete,polychaete,worms,polychaete,Chrysopetalidae,Phyllodocida,Polychaeta,65159,
Biffarius biformis,decapod_shrimp,large_decapod,decapod_shrimp,Infaunal_shrimp,Callianassidae ,Decapoda ,Malacostraca,#N/A,
Bivalvia,other_bivalves,Small_bivalve,bivalves,bivalve,.,.,Bivalvia         ,79118,
boccardiella hamata,polychaete,polychaete,worms,polychaete,Spionidae   ,Spionida ,Polychaeta,,
Boccardiella ligerica,polychaete,polychaete,worms,polychaete,Spionidae   ,Spionida ,Polychaeta,67012,
boonea impressa,gastropod,gastropod,Gastropods,gastropod,Pyramidellidae,Heterobranchia,Gastropoda,,
Bothrioneurum vejdovsky,oligocheate,oligocheate,worms,oligocheate,Naididae     ,Tubificida,Oligochaeta,#N/A,
bothrioneurum vejdovskyanum,oligocheate,oligocheate,worms,oligocheate,Naididae     ,Tubificida,Oligochaeta,#N/A,
Brachyura,decapod_crab,large_decapod,decapod_crab,decapod_crab,.,Decapoda,Malacostraca,98276,
Brachyuran zoea,decapod_crab,large_decapod,decapod_crab,decapod_crab,.,Decapoda,Malacostraca,#N/A,
branchiodrilus spp.,oligocheate,oligocheate,worms,oligocheate,Naididae     ,Tubificida,Oligochaeta,,
Branchiostoma caribaeum,amphioxus,amphioxus,amphioxus,amphioxus,Branchiostomatidae,Amphioxiformes,Leptocardii,159682,
Branchiura sowerbyi,oligocheate,oligocheate,worms,oligocheate,Naididae     ,Tubificida,Oligochaeta,68621,
Brania clavata,polychaete,polychaete,worms,polychaete,Syllidae   ,Phyllodocida,Polychaeta,65761,
Brania wellfleetensis,polychaete,polychaete,worms,polychaete,Syllidae   ,Phyllodocida,Polychaeta,65762,
bratislavia unidentata,oligocheate,oligocheate,worms,oligocheate,Naididae     ,Tubificida,Oligochaeta,.,
busycon canaliculatum,gastropod,gastropod,Gastropods,gastropod,Buccinidae,Neogastropoda,Gastropoda,,
busycon carica,gastropod,gastropod,Gastropods,gastropod,Buccinidae,Neogastropoda,Gastropoda,,
busycon spp.,gastropod,gastropod,Gastropods,gastropod,Buccinidae,Neogastropoda,Gastropoda,,
Cabira incerta,polychaete,polychaete,worms,polychaete,Pilargidae,Phyllodocida,Polychaeta,65565,
Caecum pulchellum,gastropod,gastropod,Gastropods,gastropod,Caecidae,Littorinimorpha ,Gastropoda,71380,
Caenis spp.,insect,insect,insect,insect,Caenidae,Ephemeroptera,Insecta       ,#N/A,
Callianassa setimanus,decapod_shrimp,large_decapod,decapod_shrimp,Infaunal_shrimp,Callianassidae ,Decapoda ,Malacostraca,97760,
Callinectes sapidus,decapod_crab,large_decapod,decapod_crab,decapod_crab,Portunidae,Decapoda,Malacostraca,98696,
Campeloma decisum,gastropod,gastropod,Gastropods,gastropod,Viviparidae,Architaenioglossa,Gastropoda,70312,
Capitella capitata comp,polychaete,polychaete,worms,polychaete,Capitellidae,Scolecida,Polychaeta,#N/A,
capitella capitata complex,polychaete,polychaete,worms,polychaete,Capitellidae,Scolecida,Polychaeta,,
capitellidae,polychaete,polychaete,worms,polychaete,Capitellidae,Scolecida,Polychaeta,,
Capitellides jonesi,polychaete,polychaete,worms,polychaete,Capitellidae,Scolecida,Polychaeta,67450,
capitellides sp.,polychaete,polychaete,worms,polychaete,Capitellidae,Scolecida,Polychaeta,,
capitomastus aciculatus,polychaete,polychaete,worms,polychaete,Capitellidae,Scolecida,Polychaeta,,
Caprella equilibra,amphipods,amphipods,small_crust,amphipods_isopods,Caprellidae,Amphipoda,Malacostraca,95410,
Caprella penantis,amphipods,amphipods,small_crust,amphipods_isopods,Caprellidae,Amphipoda,Malacostraca,95419,
Carazziella hobsonae,polychaete,polychaete,worms,polychaete,Spionidae   ,Spionida,Polychaeta,67003,
Carinoma tremaphoros,nemertean,nemertean,worms,nemertean,Carinomidae  ,Paleonemertea,Anopla         ,57429,
carinomella lactea,nemertean,nemertean,worms,nemertean,carinomellidae,Paleonemertea,Nemertea,,
Cassidinidea ovalis,isopods,isopods,small_crust,amphipods_isopods,Sphaeromatidea         ,Isopoda         ,Malacostraca,92348,
Caulleriella venefica,polychaete,polychaete,worms,polychaete,Cirratulidae,Terebellida,Polychaeta,#N/A,
Cerapus tubularis,amphipods,amphipods,small_crust,amphipods_isopods,Ischyroceridae,Amphipoda,Malacostraca,93587,
Ceratonereis irritabili,polychaete,polychaete,worms,polychaete,Nereididae,Phyllodocida,Polychaeta,#N/A,
ceratonereis irritabilis,polychaete,polychaete,worms,polychaete,Nereididae,Phyllodocida,Polychaeta,65874,
Ceratopogonidae,insect,insect,insect,insect,Ceratopogonidae,Diptera          ,Insecta       ,127076,
Ceriantheopsis american,anemone,anemone,cnidaria,cnidaria,Cerianthidae,Spirularia,Anthozoa      ,#N/A,
ceriantheopsis americanus,anemone,anemone,cnidaria,cnidaria,Cerianthidae,Spirularia,Anthozoa      ,#N/A,
cerithiopsis greeni,gastropod,gastropod,Gastropods,gastropod,Cerithiopsidae,Caenongastropoda,Gastropoda,,
cernotina spp.,insect,insect,insect,insect,Polycentropodidae,Trichoptera,Insecta,,
Chaetopterus variopedat,polychaete,polychaete,worms,polychaete,Chaetopteridae,Phyllodocida,Polychaeta,#N/A,
chaetopterus variopedatus,polychaete,polychaete,worms,polychaete,Chaetopteridae,Phyllodocida,Polychaeta,67097,
Chaetozone setosa,polychaete,polychaete,worms,polychaete,Cirratulidae,Terebellida,Polychaeta,67157,
chaoborus albatus,insect,insect,insect,insect,Chaoboridae,Diptera          ,Insecta       ,125905,
Chaoborus punctipennis,insect,insect,insect,insect,Chaoboridae,Diptera          ,Insecta       ,125923,
Chaoborus spp.,insect,insect,insect,insect,Chaoboridae,Diptera          ,Insecta       ,#N/A,
Chiridotea almyra,isopods,isopods,small_crust,amphipods_isopods,Chaetilidae        ,Isopoda         ,Malacostraca,92638,
Chiridotea arenicola,isopods,isopods,small_crust,amphipods_isopods,Chaetilidae        ,Isopoda         ,Malacostraca,92639,
Chiridotea caeca,isopods,isopods,small_crust,amphipods_isopods,Chaetilidae        ,Isopoda         ,Malacostraca,92641,
Chiridotea nigrescens,isopods,isopods,small_crust,amphipods_isopods,Chaetilidae        ,Isopoda         ,Malacostraca,92642,
chiridotea spp.,isopods,isopods,small_crust,amphipods_isopods,Chaetilidae        ,Isopoda         ,Malacostraca,92642,
Chironomidae,insect,chironomid,insect,chironomid,Chironomidae,Diptera          ,Insecta         ,127917,
Chironomidae pupae,insect,chironomid,insect,chironomid,Chironomidae,Diptera          ,Insecta         ,#N/A,
Chironomini,insect,chironomid,insect,chironomid,Chironomidae,Diptera          ,Insecta         ,129229,
Chironomus spp.,insect,chironomid,insect,chironomid,Chironomidae,Diptera          ,Insecta         ,#N/A,
cipangopaludina chinensis,gastropod,gastropod,Gastropods,gastropod,Viviparidae,Architaenioglossa,Gastropoda,,
Cirratulidae,polychaete,polychaete,worms,polychaete,Cirratulidae,Terebellida,Polychaeta,67116,
Cirrophorus furcatus,polychaete,polychaete,worms,polychaete,Paraonidae,Cirratulida,Polychaeta,66714,
Cirrophorus lyriformis,polychaete,polychaete,worms,polychaete,Paraonidae,Cirratulida,Polychaeta,66709,
Cirrophorus spp.,polychaete,polychaete,worms,polychaete,Paraonidae,Cirratulida,Polychaeta,#N/A,
Cladotanytarsus spp.,insect,chironomid,insect,chironomid,Chironomidae,Diptera          ,Insecta       ,#N/A,
cladotanytarsus spp. b epler,insect,chironomid,insect,chironomid,Chironomidae,Diptera          ,Insecta       ,#N/A,
cladotanytarsus viridiventris,insect,chironomid,insect,chironomid,Chironomidae,Diptera          ,Insecta       ,129877,
Clinotanypus pinguis,insect,chironomid,insect,chironomid,Chironomidae,Diptera          ,Insecta       ,127998,
Clymenella torquata,polychaete,polychaete,worms,polychaete,Maldanidae,Scolecida,Polychaeta,67528,
Coelotanypus spp.,insect,chironomid,insect,chironomid,Chironomidae,Diptera          ,Insecta       ,#N/A,
coenagrionidae,insect,insect,insect,insect,Coenagrionoidea,odonata     ,Insecta,,
Corbicula fluminea,Corbicula,Large_bivalve,bivalves,bivalve,Cyrenoidae,Veneroida  ,Bivalvia         ,81387,
Corophium spp.,amphipods,amphipods,small_crust,amphipods_isopods,Corophiidae,Amphipoda,Malacostraca,#N/A,
cossuridae,polychaete,polychaete,worms,polychaete,Cossuridae,Scolecida,Polychaeta,,
Crangon septemspinosa,sand_shrimp,large_decapod,small_crust,sand_shrimp,Crangonidae,Decapoda ,Malacostraca,97110,
Crangonyx spp.,amphipods,amphipods,small_crust,amphipods_isopods,Crangonyctidae,Amphipoda,Malacostraca,#N/A,
Crassispira ostrearum,gastropod,gastropod,Gastropods,gastropod,Turridae    ,Neogastropoda,Gastropoda,74901,
crassostrea virginica,other_bivalves,Large_bivalve,bivalves,bivalve,Ostreidae,Ostreida,Bivalvia         ,,
cratena pilata,gastropod,gastropod,Gastropods,gastropod,Facelinidae,Heterobranchia,Gastropoda,,
Crepidula fornicata,gastropod,gastropod,Gastropods,gastropod,Calyptraeidae,Littorinimorpha ,Gastropoda,72623,
crepidula plana,gastropod,gastropod,Gastropods,gastropod,Calyptraeidae,Littorinimorpha ,Gastropoda,,
crepidula spp.,gastropod,gastropod,Gastropods,gastropod,Calyptraeidae,Littorinimorpha ,Gastropoda,,
cricotopus bicinctus,insect,chironomid,insect,chironomid,Chironomidae,Diptera          ,Insecta       ,,
Cricotopus sylvestris,insect,chironomid,insect,chironomid,Chironomidae,Diptera          ,Insecta       ,128645,
cricotopus/orthocladius grp.,insect,chironomid,insect,chironomid,Chironomidae,Diptera          ,Insecta       ,,
Cryptochironomus fulvus,insect,chironomid,insect,chironomid,Chironomidae,Diptera          ,Insecta       ,129376,
Cryptochironomus parafu,insect,chironomid,insect,chironomid,Chironomidae,Diptera          ,Insecta       ,#N/A,
cryptochironomus parafulvus,insect,chironomid,insect,chironomid,Chironomidae,Diptera          ,Insecta       ,,
Cryptochironomus spp.,insect,chironomid,insect,chironomid,Chironomidae,Diptera          ,Insecta       ,#N/A,
culicidae,insect,insect,insect,insect,Chironomidae,Diptera          ,Insecta       ,,
curculionidae,insect,insect,insect,insect,Curculionidae,Coleoptera,Insecta,,
cyathura burbancki,isopods,isopods,small_crust,amphipods_isopods,Anthuridae      ,Isopoda         ,Malacostraca,,
Cyathura polita,isopods,isopods,small_crust,amphipods_isopods,Anthuridae      ,Isopoda         ,Malacostraca,92149,
Cyathura spp.,isopods,isopods,small_crust,amphipods_isopods,Anthuridae      ,Isopoda         ,Malacostraca,#N/A,
Cyclaspis varians,cumacean,small_crust,small_crust,cumacean,Bodotriidae,Cumacea,Malacostraca,91033,
Cylichnella bidentata,gastropod,gastropod,Gastropods,gastropod,Cylichnidae,Cephalaspidea,Gastropoda,76141,
cymadusa compta,amphipods,amphipods,small_crust,amphipods_isopods,Ampithoidae,Amphipoda,Malacostraca,,
cyrnellus fraternus,insect,insect,insect,insect,Polycentropodidae,Trichoptera,Insecta,,
cyrnellus spp.,insect,insect,insect,insect,Polycentropodidae,Trichoptera,Insecta,,
Cyrtopleura costata,other_bivalves,Large_bivalve,bivalves,bivalve,Pholadidae,Myoida          ,Bivalvia         ,81796,
Decapoda,.,.,.,decapod,.,Decapoda,Malacostraca,95599,
Demonax microphthalmus,polychaete,polychaete,worms,polychaete,Sabellidae,Canalipalpata,Polychaeta,68222,
Dero spp.,oligocheate,oligocheate,worms,oligocheate,Naididae     ,Tubificida,Oligochaeta,#N/A,
Diadumene leucolena,anemone,anemone,cnidaria,cnidaria,Diadumenidae,Actiniaria ,Anthozoa,52749,
diastylis polita,cumacean,small_crust,small_crust,cumacean,Diastylidae,Cumacea,Malacostraca,,
dicrotendipes neomodestus,insect,chironomid,insect,chironomid,Chironomidae,Diptera          ,Insecta       ,129452,
Dicrotendipes nervosus,insect,chironomid,insect,chironomid,Chironomidae,Diptera          ,Insecta       ,129452,
dicrotendipes spp.,insect,chironomid,insect,chironomid,Chironomidae,Diptera          ,Insecta       ,,
Diopatra cuprea,polychaete,polychaete,worms,polychaete,Onuphidae,Eunicida  ,Polychaeta,66180,
Dipolydora caulleryi,polychaete,polychaete,worms,polychaete,Spionidae   ,Spionida ,Polychaeta,#N/A,
dipolydora commensalis,polychaete,polychaete,worms,polychaete,Spionidae   ,Spionida ,Polychaeta,,
Dipolydora quadrilobata,polychaete,polychaete,worms,polychaete,Spionidae   ,Spionida ,Polychaeta,#N/A,
Dipolydora socialis,polychaete,polychaete,worms,polychaete,Spionidae   ,Spionida ,Polychaeta,#N/A,
donax variabilis,other_bivalves,Small_bivalve,bivalves,bivalve,Donacidae,Cardiida,Bivalvia         ,,
Doridella obscura,gastropod,gastropod,Gastropods,nudibranch,Corambidae,Nudibranchia,Gastropoda,78439,
Dorvillea rudolphi,polychaete,polychaete,worms,polychaete,Dorvilleidae,Eunicida  ,Polychaeta,66525,
Dosinia discus,other_bivalves,Large_bivalve,bivalves,bivalve,Venerida   ,Veneroida  ,Bivalvia         ,81489,
Drilonereis longa,polychaete,polychaete,worms,polychaete,Oenonidae,Eunicida  ,Polychaeta,66426,
Drilonereis magna,polychaete,polychaete,worms,polychaete,Oenonidae,Eunicida  ,Polychaeta,66431,
Drilonereis spp.,polychaete,polychaete,worms,polychaete,Oenonidae,Eunicida  ,Polychaeta,#N/A,
Dromogomphus armatus,insect,insect,insect,insect,Gomphidae,odonata     ,Insecta       ,101731,
Dubiraphia spp.,insect,insect,insect,insect,Elmidae       ,Coleoptera,Insecta       ,#N/A,
dugesia spp.,flatworm,other_worms,worms,flatworm,Dugesiidae,Tricladida,Rhabditophora,,
dugesia tigrina,flatworm,other_worms,worms,flatworm,Dugesiidae,Tricladida,Rhabditophora,,
dulichiella appendiculata,amphipods,amphipods,small_crust,amphipods_isopods,Melitidae ,Amphipoda,Malacostraca,,
Dyspanopeus sayi,decapod_crab,large_decapod,decapod_crab,decapod_crab,Panopeidae,Decapoda,Malacostraca,98901,
Echinoidea,.,echinoderm,echinoderm,echinoderm,.,.,.,157821,
Echiura,other_worms,other_worms,worms,worm_annelid,.                        ,Echiura          ,Polychaeta,154972,
Edotea triloba,isopods,isopods,small_crust,amphipods_isopods,Idoteidae   ,Isopoda         ,Malacostraca,92627,
Edwardsia elegans,gelatinous_zooplankton,gelatinous_zooplankton,gelatinous_zooplankton,cnidaria,Edwardsiidae,Actiniaria ,Anthozoa,52489,
Elasmopus laevis,amphipods,amphipods,small_crust,amphipods_isopods,Maeridae  ,Amphipoda,Malacostraca,93761,
Elliptio complanata,other_bivalves,Large_bivalve,bivalves,bivalve,Unionidae,Unionoida ,Bivalvia         ,79952,
Elmidae,insect,insect,insect,insect,Elmidae       ,Coleoptera,Insecta       ,114093,
empididae,insect,chironomid,insect,insect,Empididae,Diptera          ,Insecta       ,,
Enallagma spp.,insect,insect,insect,insect,Coenagriionidae,odonata     ,Insecta       ,#N/A,
Enchytraeidae,oligocheate,oligocheate,worms,oligocheate,Enchytraeidae,Tubificida,Oligochaeta,68510,
Ensis directus,Razor_clams,Large_bivalve,bivalves,bivalve,Pharidae     ,Adapedonta,Bivalvia         ,81022,
eobrolgus spinosus,amphipods,amphipods,small_crust,amphipods_isopods,Phoxocephallidae,Amphipoda,Malacostraca,,
ephemeroptera,insect,insect,insect,insect,.,Ephemeroptera,Insecta,,
Epitonium multistriatum,gastropod,gastropod,Gastropods,gastropod,Epitoniidae,Caenongastropoda,Gastropoda,72247,
Epitonium rupicola,gastropod,gastropod,Gastropods,gastropod,Epitoniidae,Caenongastropoda,Gastropoda,72249,
Epitonium spp.,gastropod,gastropod,Gastropods,gastropod,Epitoniidae,Caenongastropoda,Gastropoda,#N/A,
Epoicocladius spp.,insect,chironomid,insect,chironomid,Chironomidae         ,Diptera          ,Insecta       ,#N/A,
Erichsonella attenuata,isopods,isopods,small_crust,amphipods_isopods,Idoteidae   ,Isopoda         ,Malacostraca,92618,
Erichsonella filiformis,isopods,isopods,small_crust,amphipods_isopods,Idoteidae   ,Isopoda         ,Malacostraca,92619,
Ericthonius brasiliensi,amphipods,amphipods,small_crust,amphipods_isopods,Ischyroceridae,Amphipoda,Malacostraca,#N/A,
ericthonius brasiliensis,amphipods,amphipods,small_crust,amphipods_isopods,Ischyroceridae,Amphipoda,Malacostraca,,
Eteone foliosa,polychaete,polychaete,worms,polychaete,Phyllodocidae,Phyllodocida,Polychaeta,65270,
Eteone heteropoda,polychaete,polychaete,worms,polychaete,Phyllodocidae,Phyllodocida,Polychaeta,65266,
Eteone lactea,polychaete,polychaete,worms,polychaete,Phyllodocidae,Phyllodocida,Polychaeta,65267,
eteone longa,polychaete,polychaete,worms,polychaete,Phyllodocidae,Phyllodocida,Polychaeta,,
Euceramus praelongus,decapod_crab,large_decapod,decapod_crab,decapod_crab,Porcellanidae,Decapoda,Malacostraca,98081,
Euclymene zonalis,polychaete,polychaete,worms,polychaete,Maldanidae,Scolecida,Polychaeta,67586,
eumida sanguinea,polychaete,polychaete,worms,polychaete,Phyllodocidae,Phyllodocida,Polychaeta,,
Eunicea spp.,coral,coral,cnidaria,cnidaria,Plexauridae,Alcyonacea,Anthozoa,#N/A,
Euplana gracilis,flatworm,other_worms,worms,flatworm,Euplanidae,Polycladida,Rhabditophora,54139,
Eurypanopeus depressus,decapod_crab,large_decapod,decapod_crab,decapod_crab,Panopeidae,Decapoda,Malacostraca,98759,
Exogone dispar,polychaete,polychaete,worms,polychaete,Syllidae   ,Phyllodocida,Polychaeta,65722,
exosphaeroma spp.,isopods,isopods,small_crust,amphipods_isopods,Sphaeromatidae,Isopoda         ,Malacostraca,,
Ferrissia rivularis,gastropod,gastropod,Gastropods,gastropod,Ancylidae,Basommatophora,Gastropoda,76572,
ferrissia spp.,gastropod,gastropod,Gastropods,gastropod,Ancylidae,Basommatophora,Gastropoda,,
Gammarus daiberi,amphipods,amphipods,small_crust,amphipods_isopods,Gammaridae,Amphipoda,Malacostraca,93779,
Gammarus fasciatus,amphipods,amphipods,small_crust,amphipods_isopods,Gammaridae,Amphipoda,Malacostraca,93780,
Gammarus palustris,amphipods,amphipods,small_crust,amphipods_isopods,Gammaridae,Amphipoda,Malacostraca,93782,
Gammarus spp.,amphipods,amphipods,small_crust,amphipods_isopods,Gammaridae,Amphipoda,Malacostraca,#N/A,
gammarus tigrinus,amphipods,amphipods,small_crust,amphipods_isopods,Gammaridae,Amphipoda,Malacostraca,,
Gastropoda,gastropod,gastropod,Gastropods,gastropod,.,.,Gastropoda,69459,
Gemma gemma,other_bivalves,Small_bivalve,bivalves,bivalve,Venerida   ,Veneroida  ,Bivalvia         ,81511,
genetyllis castanea,polychaete,polychaete,worms,polychaete,Phyllodocidae,Phyllodocida,Polychaeta,,
Geukensia demissa,other_bivalves,Large_bivalve,bivalves,bivalve,Mytillidae   ,Mytiloida    ,Bivalvia         ,79555,
girardia tigrina,flatworm,other_worms,worms,flatworm,Dugesiidae,Tricladida,Rhabditophora,,
gitanopsis spp.,amphipods,amphipods,small_crust,amphipods_isopods,Amphilochidae,Amphipoda,Malacostraca,,
Glycera americana,polychaete,polychaete,worms,polychaete,Glyceridae,Phyllodocida,Polychaeta,66106,
glycera capitata,polychaete,polychaete,worms,polychaete,Glyceridae,Phyllodocida,Polychaeta,,
Glycera dibranchiata,polychaete,polychaete,worms,polychaete,Glyceridae,Phyllodocida,Polychaeta,66107,
Glycera robusta,polychaete,polychaete,worms,polychaete,Glyceridae,Phyllodocida,Polychaeta,66108,
glycera sphyrabrancha,polychaete,polychaete,worms,polychaete,Glyceridae,Phyllodocida,Polychaeta,,
Glycera spp.,polychaete,polychaete,worms,polychaete,Glyceridae,Phyllodocida,Polychaeta,#N/A,
Glycinde solitaria,polychaete,polychaete,worms,polychaete,Goniadidae,Phyllodocida,Polychaeta,66132,
Glyptotendipes spp.,insect,chironomid,insect,chironomid,Chironomidae      ,Diptera          ,Insecta       ,#N/A,
Gomphidae,insect,insect,insect,insect,Gomphidae       ,odonata     ,Insecta       ,101664,
gomphus spp.,insect,insect,insect,insect,Gomphidae       ,odonata     ,Insecta       ,,
Goniobasis virginica,gastropod,gastropod,Gastropods,gastropod,Pleuroceridae,,Gastropoda,71852,
Grandidierella spp.,amphipods,amphipods,small_crust,amphipods_isopods,Aoridae     ,Amphipoda,Malacostraca,#N/A,
Gyptis crypta,polychaete,polychaete,worms,polychaete,Hesionidae,Phyllodocida,Polychaeta,#N/A,
Gyraulus spp.,gastropod,gastropod,Gastropods,gastropod,Planorbidae,,Gastropoda,#N/A,
haloclava producta,cnidarian,cnidarian,cnidarian,cnidarian,Haloclavidae,Actiniaria ,anthozoa,,
Haminoea solitaria,gastropod,gastropod,Gastropods,gastropod,Haminoeidae,Cephalaspidea,Gastropoda,76258,
Hargeria rapax,tanaidae,small_crust,small_crust,tanaidae,Leptocheliidae,Tanaidacea,Malacostraca,92068,
Harmothoe extenuata,polychaete,polychaete,worms,polychaete,Polynoidae,Phyllodocida,Polychaeta,64509,
Harmothoe spp.,polychaete,polychaete,worms,polychaete,Polynoidae,Phyllodocida,Polychaeta,#N/A,
Harnischia spp.,oligocheate,oligocheate,worms,oligocheate,Chironomidea,Diptera     ,Insecta,#N/A,
hauchiella sp. a kritzler,polychaete,polychaete,worms,polychaete,Terebellidae,Terebellida,Polychaeta,,
Hemichordata,worm_like_taxa,worm_like_taxa,worm_like_taxa,hemichordate,.,Enteropneusta,Enteropneusta,158616,
hemipodus roseus,polychaete,polychaete,worms,polychaete,Glyceridae,Phyllodocida,Polychaeta,,
hermundura americana,polychaete,polychaete,worms,polychaete,Pilargidae,Phyllodocida,Polychaeta,,
hermundura fauveli,polychaete,polychaete,worms,polychaete,Pilargidae,Phyllodocida,Polychaeta,,
Heteromastus filiformis,polychaete,polychaete,worms,polychaete,Capitellidae,Scolecida,Polychaeta,67420,
hexagenia limbata,insect,insect,insect,insect,Ephemeidae       ,Ephemeroptera,Insecta       ,,
Hexagenia spp.,insect,insect,insect,insect,Ephemeidae       ,Ephemeroptera,Insecta       ,#N/A,
Hexapanopeus angustifro,decapod_crab,large_decapod,decapod_crab,decapod_crab,Panopeidae,Decapoda,Malacostraca,#N/A,
hexapanopeus angustifrons,decapod_crab,large_decapod,decapod_crab,decapod_crab,Panopeidae,Decapoda,Malacostraca,,
Hirudinea,other_worms,other_worms,worms,worm_leach,.                            ,.,Clitellata    ,69290,
Hobsonia florida,polychaete,polychaete,worms,polychaete,Ampharetidae,Terebellida,Polychaeta,67755,
holothuroidea,holothurian,holothurian,holothurian,holothurian,.,.,Holothuroidea,,
Hutchinsoniella macraca,.,.,.,brachypoda,Hutchinsoniella ,Brachypoda,Cephalocarida,#N/A,
hutchinsoniella macracantha,.,.,.,brachypoda,Hutchinsoniella ,Brachypoda,Cephalocarida,,
hyalella azteca,amphipods,amphipods,small_crust,amphipods_isopods,Hyalellidae,Amphipoda,Malacostraca,,
Hydracarina,.,.,.,hydrachnidiae,Hydrachnellae,Trombidiformes,Archanida,#N/A,
hydrobia spp.,gastropod,gastropod,Gastropods,gastropod,Hydrobiidae,Littorinimorpha,Gastropoda,,
Hydrobia truncata,gastropod,gastropod,Gastropods,gastropod,Hydrobiidae,Littorinimorpha,Gastropoda,70495,
Hydrobiidae,gastropod,gastropod,Gastropods,gastropod,Hydrobiidae,Littorinimorpha,Gastropoda,70493,
Hydroides dianthus,polychaete,polychaete,worms,polychaete,Serpulidae,Sabellida,Polychaeta,68282,
Hydroides protulicola,polychaete,polychaete,worms,polychaete,Serpulidae,Sabellida,Polychaeta,68283,
hydroporini spp.,insect,insect,insect,insect,Dytiscidae,Coleoptera,Insecta,,
Hydroptila spp.,insect,insect,insect,insect,Hydroptillidae ,Trichoptera,Insecta       ,#N/A,
Hydroptilidae,insect,insect,insect,insect,Hydroptillidae ,Trichoptera,Insecta       ,115629,
idotea balthica,isopods,isopods,small_crust,amphipods_isopods,Idoteidae   ,Isopoda         ,Malacostraca,,
idotea spp.,isopods,isopods,small_crust,amphipods_isopods,Idoteidae   ,Isopoda         ,Malacostraca,,
Idoteidae,isopods,isopods,small_crust,amphipods_isopods,Idoteidae   ,Isopoda         ,Malacostraca,92564,
ilyanassa obsoleta,gastropod,gastropod,Gastropods,gastropod,Nassariidae,Neogastropoda,Gastropoda,,
Ilyodrilus templetoni,oligocheate,oligocheate,worms,oligocheate,Naididae     ,Tubificida,Oligochaeta,68662,
Ischadium recurvum,other_bivalves,Large_bivalve,bivalves,bivalve,Mytilidae   ,Mytiloida    ,Bivalvia         ,79561,
Isochaetides freyi,oligocheate,oligocheate,worms,oligocheate,Naididae     ,Tubificida,Oligochaeta,68810,
Jassa falcata,amphipods,amphipods,small_crust,amphipods_isopods,Ischyroceridae,Amphipoda,Malacostraca,94171,
kiefferulus spp.,insect,chironomid,insect,chironomid,Chironomidae,Diptera,Insecta,,
Kurtziella atrostyla,gastropod,gastropod,Gastropods,gastropod,Mangeliidae,Neogastropoda,Gastropoda,74804,
Kurtziella cerina,gastropod,gastropod,Gastropods,gastropod,Mangeliidae,Neogastropoda,Gastropoda,74806,
labrundinia spp.,insect,chironomid,insect,chironomid,Chironomidae,Diptera,Insecta,,
Laeonereis culveri,polychaete,polychaete,worms,polychaete,Nereididae,Phyllodocida,Polychaeta,65965,
laevapex fuscus,gastropod,gastropod,Gastropods,gastropod,Planorbidae,Planorboidea,Gastropoda,,
laevapex spp.,gastropod,gastropod,Gastropods,gastropod,Planorbidae,Planorboidea,Gastropoda,,
Leitoscoloplos fragilis,polychaete,polychaete,worms,polychaete,Orbiniidae,Scolecida,Polychaeta,66656,
Leitoscoloplos robustus,polychaete,polychaete,worms,polychaete,Orbiniidae,Scolecida,Polychaeta,182728,
Leitoscoloplos spp.,polychaete,polychaete,worms,polychaete,Orbiniidae,Scolecida,Polychaeta,#N/A,
lembos smithi,amphipods,amphipods,small_crust,amphipods_isopods,Aoridae     ,Amphipoda,Malacostraca,,
Lepidactylus dytiscus,amphipods,amphipods,small_crust,amphipods_isopods,Haustoriidae,Amphipoda,Malacostraca,93998,
Lepidametria commensali,polychaete,polychaete,worms,polychaete,Polynoidae,Phyllodocida,Polychaeta,#N/A,
lepidametria commensalis,polychaete,polychaete,worms,polychaete,Polynoidae,Phyllodocida,Polychaeta,,
Lepidonotus sublevis,polychaete,polychaete,worms,polychaete,Polynoidae,Phyllodocida,Polychaeta,64610,
lepidonotus variabilis,polychaete,polychaete,worms,polychaete,Polynoidae,Phyllodocida,Polychaeta,,
leptoceridae,insect,insect,insect,insect,Leptoceridae,Trichoptera,Insecta,,
Leptocheirus plumulosus,amphipods,amphipods,small_crust,amphipods_isopods,Corophiidae,Amphipoda,Malacostraca,93486,
leptochela serratorbita,decapod_shrimp,large_decapod,decapod_shrimp,decapod_shrimp,Pasiphaeidae,Decapoda,Malacostraca,,
leptochelia dubia,tanaidae,small_crust,small_crust,tanaidae,Leptocheliidae,Tanaidacea,Malacostraca,,
Leptognathia caeca,tanaidae,small_crust,small_crust,tanaidae,Leptocheliidae,Tanaidacea,Malacostraca,91757,
Leptosynapta tenuis,tanaidae,small_crust,small_crust,tanaidae,Leptocheliidae,Tanaidacea,Malacostraca,158432,
Leucon americanus,cumacean,small_crust,small_crust,cumacean,Leuconidae,Cumacea,Malacostraca,90790,
Leucothoidae,amphipods,amphipods,small_crust,amphipods_isopods,Leucothoidae,Amphipoda,Malacostraca,94196,
Levinsenia gracilis,polychaete,polychaete,worms,polychaete,Paraonidae,Cirratulida,Polychaeta,66729,
Limnodrilus cervix,oligocheate,oligocheate,worms,oligocheate,Naididae     ,Tubificida,Oligochaeta,68652,
Limnodrilus hoffmeister,oligocheate,oligocheate,worms,oligocheate,Naididae     ,Tubificida,Oligochaeta,#N/A,
limnodrilus hoffmeisteri,oligocheate,oligocheate,worms,oligocheate,Naididae     ,Tubificida,Oligochaeta,,
limnodrilus spp.,oligocheate,oligocheate,worms,oligocheate,Naididae     ,Tubificida,Oligochaeta,,
Limnodrilus udekemianus,oligocheate,oligocheate,worms,oligocheate,Naididae     ,Tubificida,Oligochaeta,68644,
Limulus polyphemus,horseshoe_crab,large_crustacean,large_crustacean,horseshoe crab,Limulidae,Xiphosura,Merostomata,82703,
liodessus flavicollis,insect,insect,insect,insect,Dytiscidae,Coleoptera,Insecta,,
lioplax subcarinata,gastropod,gastropod,Gastropods,gastropod,Viviparidae,Architaenioglossa,Gastropoda,,
lipiniella spp.,insect,chironomid,insect,chironomid,Chironomidae,Diptera,Insecta,,
Listriella barnardi,amphipods,amphipods,small_crust,amphipods_isopods,Liljeborgiidae,Amphipoda,Malacostraca,94213,
Listriella bowenae,amphipods,amphipods,small_crust,amphipods_isopods,Liljeborgiidae,Amphipoda,Malacostraca,#N/A,
Listriella clymenellae,amphipods,amphipods,small_crust,amphipods_isopods,Liljeborgiidae,Amphipoda,Malacostraca,94214,
Listriella smithi,amphipods,amphipods,small_crust,amphipods_isopods,Liljeborgiidae,Amphipoda,Malacostraca,#N/A,
Listriella spp.,amphipods,amphipods,small_crust,amphipods_isopods,Liljeborgiidae,Amphipoda,Malacostraca,#N/A,
Littoridinops tenuipes,gastropod,gastropod,Gastropods,gastropod,Hydrobiidae,Littorinimorpha,Gastropoda,70528,
Loimia medusa,polychaete,polychaete,worms,polychaete,Terebellidae,Terebellida,Polychaeta,68015,
Loimia spp.,polychaete,polychaete,worms,polychaete,Terebellidae,Terebellida,Polychaeta,#N/A,
loimia viridis,polychaete,polychaete,worms,polychaete,Terebellidae,Terebellida,Polychaeta,,
lumbriculidae,oligocheate,oligocheate,worms,oligocheate,Lumbriculidae,Lumbriculida,Clitellata    ,,
lumbrineridae,polychaete,polychaete,worms,polychaete,Lumbrineridae,Eunicida  ,Polychaeta,,
lymnaeidae,gastropod,gastropod,Gastropods,gastropod,Lymnaeidae,Heterobranchia,Gastropoda,,
Lyonsia hyalina,other_bivalves,Small_bivalve,bivalves,bivalve,Lyonsiidae   ,Pholadomyoida,Bivalvia         ,81926,
Lysidice ninetta,polychaete,polychaete,worms,polychaete,Eunicidae,Eunicida  ,Polychaeta,66320,
lysidice unicornis,polychaete,polychaete,worms,polychaete,Eunicidae,Eunicida  ,Polychaeta,,
lysilla alba,polychaete,polychaete,worms,polychaete,Terebellidae,Terebellida,Polychaeta,,
Macoma balthica,Macoma,Small_bivalve,bivalves,bivalve,Tellinidae   ,Cardiida       ,Bivalvia         ,#N/A,
Macoma mitchelli,Macoma,Small_bivalve,bivalves,bivalve,Tellinidae   ,Cardiida      ,Bivalvia         ,81054,
Macoma spp.,Macoma,Small_bivalve,bivalves,bivalve,Tellinidae   ,Cardiida            ,Bivalvia         ,#N/A,
Macoma tenta,Macoma,Small_bivalve,bivalves,bivalve,Tellinidae   ,Cardiida            ,Bivalvia         ,81055,
Magelona spp.,polychaete,polychaete,worms,polychaete,Magelonidae,Spionida,Polychaeta,#N/A,
Maldanidae,polychaete,polychaete,worms,polychaete,Maldanidae,Scolecida,Polychaeta,67515,
mallochohelea spp.,insect,insect,insect,insect,Ceratopogonidae,Diptera,Insecta,,
Malmgreniella taylori,polychaete,polychaete,worms,polychaete,Polynoidae,Phyllodocida,Polychaeta,#N/A,
Manayunkia aestuarina,polychaete,polychaete,worms,polychaete,Fabriciidae,Sabellida,Polychaeta,68171,
mancocuma stellifera,cumacean,small_crust,small_crust,cumacean,Bodotriidae,Cumacea,Malacostraca,,
Mangelia plicosa,gastropod,gastropod,Gastropods,gastropod,Mangeliidae,Neogastropoda,Gastropoda,74568,
Marenzelleria viridis,polychaete,polychaete,worms,polychaete,Spionidae   ,Spionida,Polychaeta,#N/A,
marphysa sanguinea,polychaete,polychaete,worms,polychaete,Eunicidae,Eunicida  ,Polychaeta,,
Mediomastus ambiseta,polychaete,polychaete,worms,polychaete,Capitellidae,Scolecida,Polychaeta,67439,
melinna maculata,polychaete,polychaete,worms,polychaete,Terebellidae,Terebellida,Polychaeta,,
Melita nitida,amphipods,amphipods,small_crust,amphipods_isopods,Melitidae ,Amphipoda,Malacostraca,93812,
melita spp.,amphipods,amphipods,small_crust,amphipods_isopods,Melitidae ,Amphipoda,Malacostraca,,
mellita quinquiesperforata,amphipods,amphipods,small_crust,amphipods_isopods,Melitidae ,Amphipoda,Malacostraca,,
Menetus dilatatus,gastropod,gastropod,Gastropods,gastropod,Planorboidea,Pulmonata,Gastropoda,205210,
Mercenaria mercenaria,other_bivalves,Large_bivalve,bivalves,bivalve,Venerida   ,Veneroida  ,Bivalvia         ,81496,
microdeutopus gryllotalpa,amphipods,amphipods,small_crust,amphipods_isopods,Aoridae     ,Amphipoda,Malacostraca,,
Microphiopholis atra,starfish,echinoderm,echinoderm,echinoderm,Amphiuridae,Ophiurida,Ophiuroidea,#N/A,
Microphthalmus aberrans,polychaete,polychaete,worms,polychaete,Hesionidae,Phyllodocida,Polychaeta,65478,
Microphthalmus sczelkow,polychaete,polychaete,worms,polychaete,Hesionidae,Phyllodocida,Polychaeta,#N/A,
microphthalmus sczelkowii,polychaete,polychaete,worms,polychaete,Hesionidae,Phyllodocida,Polychaeta,,
Microphthalmus spp.,polychaete,polychaete,worms,polychaete,Hesionidae,Phyllodocida,Polychaeta,#N/A,
Microprotopus raneyi,amphipods,amphipods,small_crust,amphipods_isopods,Isaeidae      ,Amphipoda,Malacostraca,94122,
Microspio pigmentata,polychaete,polychaete,worms,polychaete,Spionidae   ,Spionida,Polychaeta,66972,
Micrura leidyi,nemertean,nemertean,worms,nemertean,Lineidae,Monostilifera,Enopla         ,57477,
Modiolus modiolus,other_bivalves,Large_bivalve,bivalves,bivalve,Mytillidae   ,Mytilida     ,Bivalvia         ,79501,
Molgula lutulenta,tunicate,tunicate,tunicate,tunicate,Mogulidae,Stolidobranchia,Ascidiacea,159581,
Molgula manhattensis,tunicate,tunicate,tunicate,tunicate,Mogulidae,Stolidobranchia,Ascidiacea,159557,
Monocorophium acherusic,amphipods,amphipods,small_crust,amphipods_isopods,Corophiidae,Amphipoda,Malacostraca,#N/A,
monocorophium acherusicum,amphipods,amphipods,small_crust,amphipods_isopods,Corophiidae,Amphipoda,Malacostraca,,
Monocorophium insidiosu,amphipods,amphipods,small_crust,amphipods_isopods,Corophiidae,Amphipoda,Malacostraca,#N/A,
monocorophium insidiosum,amphipods,amphipods,small_crust,amphipods_isopods,Corophiidae,Amphipoda,Malacostraca,,
Monocorophium tubercula,amphipods,amphipods,small_crust,amphipods_isopods,Corophiidae,Amphipoda,Malacostraca,#N/A,
monocorophium tuberculatum,amphipods,amphipods,small_crust,amphipods_isopods,Corophiidae,Amphipoda,Malacostraca,,
Monticellina dorsobranc,polychaete,polychaete,worms,polychaete,Cirratulidae,Terebellida,Polychaeta,#N/A,
monticellina dorsobranchialis,polychaete,polychaete,worms,polychaete,Cirratulidae,Terebellida,Polychaeta,,
Mucrogammarus mucronatu,amphipods,amphipods,small_crust,amphipods_isopods,Gammaridae,Amphipoda,Malacostraca,#N/A,
mucrogammarus mucronatus,amphipods,amphipods,small_crust,amphipods_isopods,Gammaridae,Amphipoda,Malacostraca,,
Mulinia lateralis,other_bivalves,Small_bivalve,bivalves,bivalve,Mactridae  ,Veneroida  ,Bivalvia         ,80959,
Musculium spp.,other_bivalves,Small_bivalve,bivalves,bivalve,Sphaeriidae,Veneroida  ,Bivalvia         ,#N/A,
Musculium transversum,other_bivalves,Small_bivalve,bivalves,bivalve,Sphaeriidae,Veneroida  ,Bivalvia         ,81428,
Mya arenaria,other_bivalves,Large_bivalve,bivalves,bivalve,Myidae       ,Myoida           ,Bivalvia         ,81692,
Mysella planulata,other_bivalves,Small_bivalve,bivalves,bivalve,Montacutidae,Veneroida  ,Bivalvia         ,80661,
Mysidae,mysids,small_crust,small_crust,mysid,Mysidae  ,Mysida        ,Malacostraca,89856,
mystides borealis,polychaete,polychaete,worms,polychaete,Phyllodocidae,Phyllodocida,Polychaeta,,
Mytilidae,other_bivalves,Large_bivalve,bivalves,bivalve,Mytilidae   ,Mytiloida    ,Bivalvia         ,#N/A,
Mytilopsis leucophaeata,other_bivalves,Small_bivalve,bivalves,bivalve,Dreissenidae,Veneroida  ,Bivalvia         ,81335,
Mytilus edulis,other_bivalves,Large_bivalve,bivalves,bivalve,Mytilidae             ,Mytiloida    ,Bivalvia         ,79454,
Nais communis,oligocheate,oligocheate,worms,oligocheate,Tubificidae,Tubificida,Oligochaeta,68950,
Nais simplex,oligocheate,oligocheate,worms,oligocheate,Tubificidae,Tubificida,Oligochaeta,68957,
Nais spp.,oligocheate,oligocheate,worms,oligocheate,Tubificidae,Tubificida,Oligochaeta,#N/A,
Nais variabilis,oligocheate,oligocheate,worms,oligocheate,Tubificidae,Tubificida,Oligochaeta,68959,
Nanocladius distinctus,insect,chironomid,insect,chironomid,Chironomidae          ,Diptera          ,Insecta       ,128853,
nanocladius spp.,insect,chironomid,insect,chironomid,Chironomidae          ,Diptera          ,Insecta       ,,
Nassarius spp.,gastropod,gastropod,Gastropods,gastropod,Nassaridae,caenogastropoda,Gastropoda,#N/A,
Nassarius trivittatus,gastropod,gastropod,Gastropods,gastropod,Nassaridae,caenogastropoda,Gastropoda,74109,
Nassarius vibex,gastropod,gastropod,Gastropods,gastropod,Nassaridae,caenogastropoda,Gastropoda,74107,
Natarsia spp.,insect,chironomid,insect,chironomid,Chironomidae        ,Diptera          ,Insecta       ,#N/A,
naticidae,gastropod,gastropod,Gastropods,gastropod,Naticidae,Littorinimorpha,Gastropoda,,
neanthes arenaceodentata,polychaete,polychaete,worms,polychaete,Nereididae,Phyllodocida,Polychaeta,,
Neanthes succinea,polychaete,polychaete,worms,polychaete,Nereididae,Phyllodocida,Polychaeta,65918,
nectopsyche spp.,insect,insect,insect,insect,Leptoceridae,Trichoptera,Insecta,,
Nemertina,nemertean,nemertean,worms,nemertean,.                          ,.                       ,.                          ,#N/A,
Neomysis americana,mysids,small_crust,small_crust,mysid,Mysidae  ,Mysida        ,Malacostraca,90062,
neorhabdocela,flatworm,other_worms,worms,flatworm,.,.,Rhabdocoela,,
Nephtyidae,polychaete,polychaete,worms,polychaete,Nephtyidae        ,Phyllodocida,Polychaeta,66010,
Nephtys bucera,polychaete,polychaete,worms,polychaete,Nephtyidae        ,Phyllodocida,Polychaeta,66027,
Nephtys incisa,polychaete,polychaete,worms,polychaete,Nephtyidae        ,Phyllodocida,Polychaeta,66028,
Nephtys picta,polychaete,polychaete,worms,polychaete,Nephtyidae        ,Phyllodocida,Polychaeta,66030,
Nephtys spp.,polychaete,polychaete,worms,polychaete,Nephtyidae        ,Phyllodocida,Polychaeta,#N/A,
Nereididae,polychaete,polychaete,worms,polychaete,Nereididae,Phyllodocida,Polychaeta,#N/A,
nereis grayi,polychaete,polychaete,worms,polychaete,Nereididae,Phyllodocida,Polychaeta,,
Nereis spp.,polychaete,polychaete,worms,polychaete,Nereididae,Phyllodocida,Polychaeta,#N/A,
No Organisms Present,.,.,.,No Organisms Present,.,.,.,#N/A,
notocirrus spiniferus,polychaete,polychaete,worms,polychaete,Oenonidae,Eunicida  ,Polychaeta,            ,
notomastus hemipodus,polychaete,polychaete,worms,polychaete,Capitellidae,Scolecida,Polychaeta,,
Notomastus sp. A Ewing,polychaete,polychaete,worms,polychaete,Capitellidae,Scolecida,Polychaeta,#N/A,
Notomastus spp.,polychaete,polychaete,worms,polychaete,Capitellidae,Scolecida,Polychaeta,#N/A,
Nucula proxima,other_bivalves,Small_bivalve,bivalves,bivalve,Nuculidae  ,Nuculida ,Bivalvia         ,79132,
Nuculana messanensis,other_bivalves,Small_bivalve,bivalves,bivalve,Nuculanidae ,Nuculoida ,Bivalvia         ,79212,
Nuculana spp.,other_bivalves,Small_bivalve,bivalves,bivalve,Nuculanidae ,Nuculoida ,Bivalvia         ,#N/A,
Nudibranchia,gastropod,gastropod,Gastropods,gastropod,.,Nudibranchia,Gastropoda,78156,
odonata,insect,insect,insect,insect,.,odonata     ,Insecta,,
odontosyllis fulgurans,polychaete,polychaete,worms,polychaete,Syllidae   ,Phyllodocida,Polychaeta,,
Odostomia engonia,gastropod,gastropod,Gastropods,gastropod,Pyramidellidae,Heterostropha,Gastropoda,75504,
Odostomia spp.,gastropod,gastropod,Gastropods,gastropod,Pyramidellidae,Heterostropha,Gastropoda,#N/A,
oecetis cf. parva,insect,insect,insect,insect, Leptoceridae         ,Trichoptera,Insecta       ,,
oecetis conspicua,insect,insect,insect,insect, Leptoceridae         ,Trichoptera,Insecta       ,,
oecetis furva group,insect,insect,insect,insect, Leptoceridae         ,Trichoptera,Insecta       ,,
Oecetis inconspicua,insect,insect,insect,insect, Leptoceridae         ,Trichoptera,Insecta       ,116613,
Oecetis spp.,insect,insect,insect,insect, Leptoceridae         ,Trichoptera,Insecta       ,#N/A,
Ogyrides alphaerostris,decapod_shrimp,large_decapod,decapod_shrimp,decapod_shrimp,Ogyrididae ,Decapoda ,Malacostraca,96737,
Oligochaeta,oligocheate,oligocheate,worms,oligocheate,.,.,Oligochaeta,68422,
Onchidoris aspersa,gastropod,gastropod,Gastropods,nudibranch,Onchidorididae,Nudibranchia,Gastropoda,78377,
onuphis eremita,polychaete,polychaete,worms,polychaete,Onuphidae,Eunicida  ,Polychaeta,,
ophelia denticulata,polychaete,polychaete,worms,polychaete,Opheliidae,Scolecida,Polychaeta,,
Ophiuroidea,starfish,echinoderm,echinoderm,echinoderm,.,.,.,157325,
Optioservus spp.,insect,insect,insect,insect,Elmidae               ,Coleoptera,Insecta       ,#N/A,
Orbiniidae,polychaete,polychaete,worms,polychaete,Orbiniidae,Scolecida,Polychaeta,66570,
Orthocladiinae,insect,chironomid,insect,chironomid,Chironomidae    ,Diptera          ,Insecta       ,128457,
orthotrichia spp.,insect,insect,insect,insect,Hydroptillidae ,Trichoptera,Insecta,,
ovalipes ocellatus,decapod_crab,large_decapod,decapod_crab,decapod_crab,Ovalipidae,Decapoda,Malacostraca,,
Owenia fusiformis,polychaete,polychaete,worms,polychaete,Oweniidae,Sabellida,Polychaeta,67647,
Oxyurostylis smithi,cumacean,small_crust,small_crust,cumacean,Diastylidae,Cumacea,Malacostraca,90923,
pagurus acadianus,decapod_crab,large_decapod,decapod_crab,decapod_crab,Paguridae,Decapoda ,Malacostraca,,
Pagurus annulipes,decapod_crab,large_decapod,decapod_crab,decapod_crab,Paguridae,Decapoda ,Malacostraca,97804,
Pagurus longicarpus,decapod_crab,large_decapod,decapod_crab,decapod_crab,Paguridae,Decapoda ,Malacostraca,97807,
pagurus pubescens,decapod_crab,large_decapod,decapod_crab,decapod_crab,Paguridae,Decapoda ,Malacostraca,,
Pagurus spp.,decapod_crab,large_decapod,decapod_crab,decapod_crab,Paguridae,Decapoda ,Malacostraca,#N/A,
Palaemonetes pugio,decapod_shrimp,large_decapod,decapod_shrimp,decapod_shrimp,Palaemonidae,Decapoda ,Malacostraca,96390,
Palaemonetes spp.,decapod_shrimp,large_decapod,decapod_shrimp,decapod_shrimp,Palaemonidae,Decapoda ,Malacostraca,#N/A,
Palaemonidae,decapod_shrimp,large_decapod,decapod_shrimp,decapod_shrimp,Palaemonidae,Decapoda ,Malacostraca,96213,
Palpomyia spp.,insect,insect,insect,insect,Ceratopogonidae          ,Diptera          ,Insecta       ,#N/A,
Pandora gouldiana,other_bivalves,Small_bivalve,bivalves,bivalve,Pandoridae,Pholadomyoida,Bivalvia         ,81896,
Pandora trilineata,other_bivalves,Small_bivalve,bivalves,bivalve,Pandoridae,Pholadomyoida,Bivalvia         ,81895,
Panopeus herbstii,mud_crab,large_decapod,decapod_crab,decapod_crab,Panopeidae,Decapoda ,Malacostraca,98778,
Paracaprella tenuis,amphipods,amphipods,small_crust,amphipods_isopods,Caprellidae,Amphipoda,Malacostraca,95434,
paracerceis caudata,isopods,isopods,small_crust,amphipods_isopods,Sphaeromatidae,Isopoda         ,Malacostraca,,
parachironomus spp.,insect,chironomid,insect,chironomid,Chironomidae,Diptera,Insecta,,
paradoneis sp. b morris,polychaete,polychaete,worms,polychaete,Paraonidae,Scolecida,Polychaeta,,
parahaustorius longimerus,amphipods,amphipods,small_crust,amphipods_isopods,Haustoriidae,Amphipoda,Malacostraca,,
Parahesione luteola,polychaete,polychaete,worms,polychaete,Hesionidae,Phyllodocida,Polychaeta,65493,
Parametopella cypris,amphipods,amphipods,small_crust,amphipods_isopods,Stenothoidae,Amphipoda,Malacostraca,94927,
parametriocnemus spp.,insect,chironomid,insect,chironomid,Chironomidae,Diptera,Insecta,,
Paranais frici,oligocheate,oligocheate,worms,oligocheate,Naididae     ,Tubificida,Oligochaeta,68865,
Paranais litoralis,oligocheate,oligocheate,worms,oligocheate,Naididae     ,Tubificida,Oligochaeta,68863,
paranais spp.,oligocheate,oligocheate,worms,oligocheate,Naididae     ,Tubificida,Oligochaeta,,
Paranaitis speciosa,polychaete,polychaete,worms,polychaete,Phyllodocidae,Phyllodocida,Polychaeta,65321,
Parandalia tricuspis,polychaete,polychaete,worms,polychaete,Pilargidae,Phyllodocida,Polychaeta,#N/A,
paraonidae,polychaete,polychaete,worms,polychaete,Paraonidae,Cirratulida,Polychaeta,,
Paraonis fulgens,polychaete,polychaete,worms,polychaete,Paraonidae,Cirratulida,Polychaeta,66697,
Parapionosyllis longici,polychaete,polychaete,worms,polychaete,Syllidae   ,Phyllodocida,Polychaeta,#N/A,
parapionosyllis longicirrata,polychaete,polychaete,worms,polychaete,Syllidae   ,Phyllodocida,Polychaeta,,
Paraprionospio pinnata,polychaete,polychaete,worms,polychaete,Spionidae   ,Spionida,Polychaeta,66937,
Parvilucina crenella,other_bivalves,Small_bivalve,bivalves,bivalve,Lucinidae  ,Lucinida  ,Bivalvia         ,80390,
Pectinaria gouldii,polychaete,polychaete,worms,polychaete,Pectinariidae,Terebellida,Polychaeta,#N/A,
pentamera pulcherrima,holothurian,holothurian,holothurian,holothurian,Phyllophoridae,Dendrochirotida,Holothuroidea,,
Periploma spp.,other_bivalves,Small_bivalve,bivalves,bivalve,Perplomatidae ,Pholadomyoida,Bivalvia         ,#N/A,
Petricola pholadiformis,other_bivalves,Large_bivalve,bivalves,bivalve,Petricolidae,veneroida  ,Bivalvia         ,81627,
Pholoe minuta,polychaete,polychaete,worms,polychaete,Pectinariidae,Terebellida,Polychaeta,65074,
Phoronis spp.,other_worms,other_worms,worms,worm_phoronidae,Phoronidae,.                      ,.                            ,#N/A,
Photis pollex,amphipods,amphipods,small_crust,amphipods_isopods,Photidae   ,Amphipoda,Malacostraca,94078,
photis reinhardi,amphipods,amphipods,small_crust,amphipods_isopods,Photidae   ,Amphipoda,Malacostraca,,
photis spp.,amphipods,amphipods,small_crust,amphipods_isopods,Photidae   ,Amphipoda,Malacostraca,,
Phyllodoce arenae,polychaete,polychaete,worms,polychaete,Pholoidae,Phyllodocida,Polychaeta,65366,
Phyllodoce fragilis,polychaete,polychaete,worms,polychaete,Pholoidae,Phyllodocida,Polychaeta,65337,
phyllodocidae,polychaete,polychaete,worms,polychaete,Pholoidae,Phyllodocida,Polychaeta,,
physa spp.,gastropod,gastropod,Gastropods,gastropod,Physidae,Heterobranchia,Gastropoda,,
physella spp.,gastropod,gastropod,Gastropods,gastropod,Physidae,Heterobranchia,Gastropoda,,
Pilargidae,polychaete,polychaete,worms,polychaete,Pilargidae,Phyllodocida,Polychaeta,65540,
Pinnixa chaetopterana,decapod_crab,large_decapod,decapod_crab,decapod_crab,Pinnotheridae,Decapoda ,Malacostraca,98998,
pinnixa lunzi,decapod_crab,large_decapod,decapod_crab,decapod_crab,Pinnotheridae,Decapoda ,Malacostraca,,
Pinnixa retinens,decapod_crab,large_decapod,decapod_crab,decapod_crab,Pinnotheridae,Decapoda ,Malacostraca,99001,
Pinnixa sayana,decapod_crab,large_decapod,decapod_crab,decapod_crab,Pinnotheridae,Decapoda ,Malacostraca,99002,
Pinnixa spp.,decapod_crab,large_decapod,decapod_crab,decapod_crab,Pinnotheridae,Decapoda ,Malacostraca,#N/A,
pisidium compressum,other_bivalves,Small_bivalve,bivalves,bivalve,Sphaeriidae,veneroida  ,Bivalvia         ,,
Pisidium spp.,other_bivalves,Small_bivalve,bivalves,bivalve,Sphaeriidae,veneroida  ,Bivalvia         ,#N/A,
pista cristata,polychaete,polychaete,worms,polychaete,Terebellidae,Terebellida,Polychaeta,,
Pista palmata,polychaete,polychaete,worms,polychaete,Terebellidae,Terebellida,Polychaeta,67947,
Pista quadrilobata,polychaete,polychaete,worms,polychaete,Terebellidae,Terebellida,Polychaeta,67951,
planorbidae,gastropod,gastropod,Gastropods,gastropod,Planorbidae,Planorboidea,Gastropoda,,
Platynereis dumerilii,polychaete,polychaete,worms,polychaete,Nereididae,Phyllodocida,Polychaeta,65950,
pleurocera spp.,gastropod,gastropod,Gastropods,gastropod,Pleuroceridae,Cerithioidae,Gastropoda,,
Pleusymtes glaber,amphipods,amphipods,small_crust,amphipods_isopods,Pleustidae,Amphipoda,Malacostraca,94797,
Podarke obscura,polychaete,polychaete,worms,polychaete,Hesionidae,Phyllodocida,Polychaeta,65517,
Podarkeopsis levifuscin,polychaete,polychaete,worms,polychaete,Hesionidae,Phyllodocida,Polychaeta,#N/A,
podarkeopsis levifuscina,polychaete,polychaete,worms,polychaete,Hesionidae,Phyllodocida,Polychaeta,,
Polinices duplicatus,gastropod,gastropod,Gastropods,gastropod,Naticidae,Littorinimorpha,Gastropoda,72918,
polinices spp.,gastropod,gastropod,Gastropods,gastropod,Naticidae,Littorinimorpha,Gastropoda,,
Polycirrus eximius,polychaete,polychaete,worms,polychaete,Terebellidae,Terebellida,Polychaeta,67963,
Polydora cornuta,polychaete,polychaete,worms,polychaete,Spionidae   ,Spionida,Polychaeta,204501,
Polydora websteri,polychaete,polychaete,worms,polychaete,Spionidae   ,Spionida,Polychaeta,66802,
polygordius spp.,polychaete,polychaete,worms,polychaete,Polygordiidae,Canalipalpata,Polychaeta,,
polymesoda caroliniana,other_bivalves,Large_bivalve,bivalves,bivalve,Cyrenidae,Venerida,Bivalvia         ,,
polynoidae,polychaete,polychaete,worms,polychaete,Polynoidae,Phyllodocida,Polychaeta,,
Polyonyx gibbesi,decapod_crab,large_decapod,decapod_crab,decapod_crab,Porcellanidae,Decapoda ,Malacostraca,98083,
Polypedilum convictum,insect,chironomid,insect,chironomid,Chironomidae,Diptera          ,Insecta         ,129671,
Polypedilum halterale g,insect,chironomid,insect,chironomid,Chironomidae,Diptera          ,Insecta         ,#N/A,
polypedilum halterale group,insect,chironomid,insect,chironomid,Chironomidae,Diptera          ,Insecta         ,,
Polypedilum illinoense,insect,chironomid,insect,chironomid,Chironomidae,Diptera          ,Insecta         ,129686,
polypedilum illinoense group,insect,chironomid,insect,chironomid,Chironomidae,Diptera          ,Insecta         ,,
polypedilum scalaenum group,insect,chironomid,insect,chironomid,Chironomidae,Diptera          ,Insecta         ,,
polypedilum simulans/digitifer,insect,chironomid,insect,chironomid,Chironomidae,Diptera          ,Insecta         ,,
Polypedilum spp.,insect,chironomid,insect,chironomid,Chironomidae,Diptera          ,Insecta         ,#N/A,
potamothrix vejdovskyi,oligocheate,oligocheate,worms,oligocheate,Naididae     ,Clitellata,Oligochaeta,,
prionospio heterobranchia,polychaete,polychaete,worms,polychaete,Spionidae   ,Spionida,Polychaeta,,
Prionospio perkinsi,polychaete,polychaete,worms,polychaete,Spionidae   ,Spionida,Polychaeta,66854,
pristina osborni,oligocheate,oligocheate,worms,oligocheate,Naididae     ,Clitellata,Oligochaeta,,
Pristinella osborni,oligocheate,oligocheate,worms,oligocheate,Naididae     ,Tubificida,Oligochaeta,69026,
Probezzia spp.,insect,insect,insect,insect,Ceratopogonidae         Diptera,Diptera             ,Insecta       ,#N/A,
Proceraea cornuta,polychaete,polychaete,worms,polychaete,Syllidae   ,Phyllodocida,Polychaeta,65591,
Proceraea spp.,polychaete,polychaete,worms,polychaete,Syllidae   ,Phyllodocida,Polychaeta,#N/A,
Procladius spp.,insect,chironomid,insect,chironomid,Chironomidae      ,Diptera             ,Insecta       ,#N/A,
Procladius sublettei,insect,chironomid,insect,chironomid,Chironomidae      ,Diptera             ,Insecta       ,128316,
prostoma rubrum,nemertean,nemertean,worms,nemertean,Tetrastemmatidae,Hoplonemertea,Nemertea,,
protodrilus spp.,polychaete,polychaete,worms,polychaete,Protodrilidae,Polychaeta incertae sedis,Polychaeta,,
protohaustorius deichmannae,amphipods,amphipods,small_crust,amphipods_isopods,Haustoriidae,Amphipoda,Malacostraca,,
protohaustorius wigleyi,amphipods,amphipods,small_crust,amphipods_isopods,Haustoriidae,Amphipoda,Malacostraca,,
Prunum roscidum,gastropod,gastropod,Gastropods,gastropod,Marginellidae,Neogastropoda,Gastropoda,74409,
Pseudeurythoe paucibran,polychaete,polychaete,worms,polychaete,Amphinomidae,Amphinomida,Polychaeta,#N/A,
pseudeurythoe paucibranchiata,polychaete,polychaete,worms,polychaete,Amphinomidae,Amphinomida,Polychaeta,,
Pseudochironomus fulviv,insect,chironomid,insect,chironomid,Chironomidae,Diptera          ,Insecta         ,#N/A,
pseudochironomus fulviventris,insect,chironomid,insect,chironomid,Chironomidae,Diptera          ,Insecta         ,,
pseudohaustorius caroliniensis,amphipods,amphipods,small_crust,amphipods_isopods,Haustoriidae,Amphipoda,Malacostraca,,
Pseudoleptocuma minor,cumacean,small_crust,small_crust,cumacean,Bodotriidae,Cumacea,Malacostraca,91040,
pseudopotamilla reniformis,polychaete,polychaete,worms,polychaete,Sabellaridae,Sabellida,Polychaeta,,
Ptilanthura tenuis,isopods,isopods,small_crust,amphipods_isopods,Anthuridae       ,Isopoda         ,Malacostraca,92155,
Pycnogonida,.,.,.,pycnogonid,.                               ,Pantopoda,Pycnogonida,83545,
Pyramidellidae,gastropod,gastropod,Gastropods,gastropod,Pyramidellidae,Heterostropha,Gastropoda,75446,
Quistadrilus multisetos,oligocheate,oligocheate,worms,oligocheate,Naididae     ,Tubificida,Oligochaeta,#N/A,
quistadrilus multisetosus,oligocheate,oligocheate,worms,oligocheate,Naididae     ,Tubificida,Oligochaeta,,
Rangia cuneata,Rangia,Large_bivalve,bivalves,bivalve,Mactridae  ,veneroida  ,Bivalvia         ,80962,
Rheotanytarsus spp.,insect,chironomid,insect,chironomid,Chironominae,Diptera             ,Insecta       ,#N/A,
Rhepoxynius epistomus,amphipods,amphipods,small_crust,amphipods_isopods,Phoxocephallidae,Amphipoda,Malacostraca,94728,
Rhithropanopeus harrisi,decapod_crab,large_decapod,decapod_crab,decapod_crab,Panopeidae,Decapoda ,Malacostraca,#N/A,
rhithropanopeus harrisii,decapod_crab,large_decapod,decapod_crab,decapod_crab,Panopeidae,Decapoda ,Malacostraca,,
Rictaxis punctostriatus,gastropod,gastropod,Gastropods,gastropod,Acteocinidae,Heterostropha,Gastropoda,76083,
Sabaco elongatus,polychaete,polychaete,worms,polychaete,Maldanidae,Scolecida,Polychaeta,#N/A,
Sabellaria vulgaris,polychaete,polychaete,worms,polychaete,Sabellaridae,Canalipalpata,Polychaeta,67671,
Saccoglossus kowalevski,worm_like_taxa,worm_like_taxa,worm_like_taxa,hemichordate,Harrimaniidae,Enteropneusta,Enteropneusta,#N/A,
saccoglossus kowalevskii,worm_like_taxa,worm_like_taxa,worm_like_taxa,hemichordate,Harrimaniidae,Enteropneusta,Enteropneusta,,
samythella elongata,polychaete,polychaete,worms,polychaete,Ampharetidae,Terebellida,Polychaeta,,
Sayella chesapeakea,gastropod,gastropod,Gastropods,gastropod,Pyramidellidae,Heterostropha,Gastropoda,70946,
scalibregma inflatum,polychaete,polychaete,worms,polychaete,Scalibregmatidae,Scolecida,Polychaeta,,
Scolelepis bousfieldi,polychaete,polychaete,worms,polychaete,Spionidae   ,Spionida,Polychaeta,66944,
Scolelepis spp.,polychaete,polychaete,worms,polychaete,Spionidae   ,Spionida,Polychaeta,#N/A,
Scolelepis squamata,polychaete,polychaete,worms,polychaete,Spionidae   ,Spionida,Polychaeta,66943,
Scolelepis texana,polychaete,polychaete,worms,polychaete,Spionidae   ,Spionida,Polychaeta,66949,
scoletoma fragilis,polychaete,polychaete,worms,polychaete,Lumbrineridae,Eunicida  ,Polychaeta,,
scoletoma tenuis,polychaete,polychaete,worms,polychaete,Lumbrineridae,Eunicida  ,Polychaeta,,
Scoloplos rubra,polychaete,polychaete,worms,polychaete,Orbiniidae,Scolecida,Polychaeta,66603,
scoloplos texana,polychaete,polychaete,worms,polychaete,Orbiniidae,Scolecida,Polychaeta,,
seila adamsi,gastropod,gastropod,Gastropods,gastropod,Cerithiopsidae,caenogastropoda,Gastropoda,,
semele purpurascens,other_bivalves,Small_bivalve,bivalves,bivalve,Semelidae,Cardiida,Bivalvia         ,,
sialis spp.,insect,insect,insect,insect,Sialidae,Megaloptera,Insecta,,
sigalion arenicola,polychaete,polychaete,worms,polychaete,Sigalionidae,Phyllodocida,Polychaeta,,
Sigambra bassi,polychaete,polychaete,worms,polychaete,Pilargidae,Phyllodocida,Polychaeta,65554,
Sigambra spp.,polychaete,polychaete,worms,polychaete,Pilargidae,Phyllodocida,Polychaeta,#N/A,
Sigambra tentaculata,polychaete,polychaete,worms,polychaete,Pilargidae,Phyllodocida,Polychaeta,65552,
siliqua costata,Razor_clams,Large_bivalve,bivalves,bivalve,Pharidae     ,Adapedonta,Bivalvia         ,,
Sipuncula,other_worms,other_worms,worms,worm_sipunculid,.                      ,.                     ,.                            ,154520,
skeneopsis planorbis,gastropod,gastropod,Gastropods,gastropod,Skeneopsidae,Littorinimorpha,Gastropoda,,
Solemya velum,other_bivalves,Small_bivalve,bivalves,bivalve,Solemyidae,Solemyoida,Bivalvia         ,79316,
Sphaeriidae,other_bivalves,Small_bivalve,bivalves,bivalve,Sphaeriidae,Veneroida  ,Bivalvia         ,81389,
Sphaerium spp.,other_bivalves,Small_bivalve,bivalves,bivalve,Sphaeriidae,Veneroida  ,Bivalvia         ,#N/A,
sphaerodoropsis spp.,polychaete,polychaete,worms,polychaete,Sphaerodoridae,Phyllodocida,Polychaeta,,
sphaeroma quadridentatum,isopods,isopods,small_crust,amphipods_isopods,Sphaeromatidae,Isopoda         ,Malacostraca,,
sphaerosyllis spp.,polychaete,polychaete,worms,polychaete,Syllidae   ,Phyllodocida,Polychaeta,,
Sphaerosyllis taylori,polychaete,polychaete,worms,polychaete,Syllidae   ,Phyllodocida,Polychaeta,65747,
Spio setosa,polychaete,polychaete,worms,polychaete,Spionidae   ,Spionida,Polychaeta,66868,
Spiochaetopterus costar,polychaete,polychaete,worms,polychaete,Chaetopteridae,Phyllodocida,Polychaeta,#N/A,
spiochaetopterus costarum,polychaete,polychaete,worms,polychaete,Chaetopteridae,Phyllodocida,Polychaeta,,
spionidae,polychaete,polychaete,worms,polychaete,Spionidae   ,Spionida,Polychaeta,,
Spiophanes bombyx,polychaete,polychaete,worms,polychaete,Chaetopteridae,Phyllodocida,Polychaeta,66897,
spisula solidissima,other_bivalves,Large_bivalve,bivalves,bivalve,Mactridae  ,Venerida,Bivalvia         ,,
Squilla empusa,mantis_shrimp,large_decapod,decapod_shrimp,mantis_shrimp,Squillidae,Decapoda ,Malacostraca,99143,
stenelmis crenata,insect,insect,insect,insect,Elmidae              ,Coleoptera,Insecta       ,,
Stenelmis spp.,insect,insect,insect,insect,Elmidae              ,Coleoptera,Insecta       ,#N/A,
stenopleustes gracilis,amphipods,amphipods,small_crust,amphipods_isopods,Pleustidae,Amphipoda,Malacostraca,,
Stenothoe minuta,amphipods,amphipods,small_crust,amphipods_isopods,Stenothoidae,Amphipoda,Malacostraca,94936,
stenothoe spp.,amphipods,amphipods,small_crust,amphipods_isopods,Stenothoidae,Amphipoda,Malacostraca,,
stephensoniana spp.,oligocheate,oligocheate,worms,oligocheate,Naididae     ,Tubificida,Oligochaeta,,
sthenelais boa,polychaete,polychaete,worms,polychaete,Sigalionidae,Phyllodocida,Polychaeta,,
sthenelais spp.,polychaete,polychaete,worms,polychaete,Sigalionidae,Phyllodocida,Polychaeta,,
Stictochironomus caffar,insect,chironomid,insect,chironomid,Chironomidae          ,Diptera             ,Insecta       ,#N/A,
stictochironomus caffarius,insect,chironomid,insect,chironomid,Chironomidae          ,Diptera             ,Insecta       ,,
Stictochironomus spp. g,insect,chironomid,insect,chironomid,Chironomidae          ,Diptera             ,Insecta       ,#N/A,
stictochironomus spp. group,insect,chironomid,insect,chironomid,Chironomidae          ,Diptera             ,Insecta       ,,
Streblospio benedicti,polychaete,polychaete,worms,polychaete,Spionidae   ,Spionida,Polychaeta,66939,
Streptosyllis arenae,polychaete,polychaete,worms,polychaete,Syllidae   ,Phyllodocida,Polychaeta,65818,
streptosyllis pettiboneae,polychaete,polychaete,worms,polychaete,Syllidae   ,Phyllodocida,Polychaeta,,
stylaria lacustris,oligocheate,oligocheate,worms,oligocheate,Naididae     ,Tubificida,Oligochaeta,,
Stylochus ellipticus,flatworm,other_worms,worms,flatworm,Stylochidae,Polycladida,Trepaxonemata,54089,
Syllidae,polychaete,polychaete,worms,polychaete,Syllidae   ,Phyllodocida,Polychaeta,65587,
Syllides floridanus,polychaete,polychaete,worms,polychaete,Syllidae   ,Phyllodocida,Polychaeta,65815,
Syllides fulva,polychaete,polychaete,worms,polychaete,Syllidae   ,Phyllodocida,Polychaeta,65811,
Syllides spp.,polychaete,polychaete,worms,polychaete,Syllidae   ,Phyllodocida,Polychaeta,#N/A,
syllides verrilli,polychaete,polychaete,worms,polychaete,Syllidae   ,Phyllodocida,Polychaeta,,
synidotea laevidorsalis,isopods,isopods,small_crust,amphipods_isopods,Idoteidae     ,Isopoda         ,Malacostraca,,
Synidotea laticauda,isopods,isopods,small_crust,amphipods_isopods,Idoteidae     ,Isopoda         ,Malacostraca,92581,
Synidotea spp.,isopods,isopods,small_crust,amphipods_isopods,Idoteidae     ,Isopoda         ,Malacostraca,#N/A,
Tagelus divisus,Razor_clams,Large_bivalve,bivalves,bivalve,Solecurtidae,Cardiida    ,Bivalvia         ,81274,
Tagelus plebeius,Razor_clams,Large_bivalve,bivalves,bivalve,Solecurtidae,Cardiida    ,Bivalvia         ,81272,
Tanaidacea,tanaidae,small_crust,small_crust,tanaidae,Tanaidae,Tanaidacea,Malacostraca,91061,
Tanypus neopunctipennis,insect,chironomid,insect,chironomid,Chironomidae          ,Diptera             ,Insecta       ,128329,
Tanypus spp.,insect,chironomid,insect,chironomid,Chironomidae          ,Diptera             ,Insecta       ,#N/A,
tanypus stellatus,insect,chironomid,insect,chironomid,Chironomidae          ,Diptera             ,Insecta       ,,
Tanystylum orbiculare,.,.,.,pycnogonid,Ammotheidae,Pantopoda,Pycnogonida,83618,
Tanytarsini,insect,chironomid,insect,chironomid,Chironomidae          ,Diptera             ,Insecta       ,129872,
Tanytarsus spp.,insect,chironomid,insect,chironomid,Chironomidae          ,Diptera             ,Insecta       ,#N/A,
Tanytarsus spp. G Epler,insect,chironomid,insect,chironomid,Chironomidae          ,Diptera             ,Insecta       ,#N/A,
Tellina agilis,other_bivalves,Small_bivalve,bivalves,bivalve,Tellinidae   ,Cardida      ,Bivalvia         ,81088,
Tellinidae,other_bivalves,Small_bivalve,bivalves,bivalve,Tellinidae   ,Cardida      ,Bivalvia         ,81032,
Terebellidae,polychaete,polychaete,worms,polychaete,Terebellidae,Terebellida,Polychaeta,67899,
terebra dislocata,gastropod,gastropod,Gastropods,gastropod,Terebridae,Neogastropoda,Gastropoda,,
Thalassema hartmani,polychaete,polychaete,worms,polychaete,Echiuridae,Echiuroidea,Polychaeta,155119,
Tharyx sp. A Morris,polychaete,polychaete,worms,polychaete,Cirratulidae,Terebellida,Polychaeta,#N/A,
tharyx spp.,polychaete,polychaete,worms,polychaete,Cirratulidae,Terebellida,Polychaeta,,
Thienemannimyia group,insect,chironomid,insect,chironomid,Chironomidae          ,Diptera             ,Insecta       ,#N/A,
thyonella pervicax,holothurian,holothurian,holothurian,holothurian,Cucumariidae,Dendrochirotida,Holothuroidea,,
trachypenaeus constrictus,decapod_shrimp,large_decapod,decapod_shrimp,decapod_shrimp,Penaeidae,Decapoda,Malacostraca,,
travisia spp.,polychaete,polychaete,worms,polychaete,Travisiidae,Scolecida,Polychaeta,,
Trichoptera,insect,insect,insect,insect,.              ,Trichoptera,Insecta       ,115095,
tubifex spp.,oligocheate,oligocheate,worms,oligocheate,Naididae     ,Tubificida,Oligochaeta,,
tubificidae,oligocheate,oligocheate,worms,oligocheate,Naididae     ,Tubificida,Oligochaeta,,
Tubificidae imm. with c,oligocheate,oligocheate,worms,oligocheate,Naididae     ,Tubificida,Oligochaeta,#N/A,
tubificidae imm. with capilliform chaetae,oligocheate,oligocheate,worms,oligocheate,Naididae     ,Tubificida,Oligochaeta,,
Tubificidae imm. withou,oligocheate,oligocheate,worms,oligocheate,Naididae     ,Tubificida,Oligochaeta,#N/A,
tubificidae imm. without capilliform chaetae,oligocheate,oligocheate,worms,oligocheate,Naididae     ,Tubificida,Oligochaeta,,
Tubificoides spp.,oligocheate,oligocheate,worms,oligocheate,Naididae     ,Tubificida,Oligochaeta,#N/A,
Turbellaria,flatworm,other_worms,worms,flatworm,.,.,.,53964,
Turbonilla interrupta,gastropod,gastropod,Gastropods,gastropod,Pyramidellidae,Heterostropha,Gastropoda,75687,
Turbonilla spp.,gastropod,gastropod,Gastropods,gastropod,Pyramidellidae,Heterostropha,Gastropoda,#N/A,
turridae,gastropod,gastropod,Gastropods,gastropod,Turridae    ,Neogastropoda,Gastropoda,,
uncinais uncinata,oligocheate,oligocheate,worms,oligocheate,Naididae     ,Tubificida,Oligochaeta,,
Unciola dissimilis,amphipods,amphipods,small_crust,amphipods_isopods,Unciolidae,Amphipoda,Malacostraca,93635,
Unciola irrorata,amphipods,amphipods,small_crust,amphipods_isopods,Unciolidae,Amphipoda,Malacostraca,93632,
Unciola serrata,amphipods,amphipods,small_crust,amphipods_isopods,Unciolidae,Amphipoda,Malacostraca,93633,
unciola spp.,amphipods,amphipods,small_crust,amphipods_isopods,Unciolidae,Amphipoda,Malacostraca,,
Unionidae,other_bivalves,Large_bivalve,bivalves,bivalve,Unionidae,Unionoida ,Bivalvia         ,79913,
Upogebia affinis,decapod_shrimp,large_decapod,decapod_shrimp,Infaunal_shrimp,Upogebiidae,Decapoda ,Malacostraca,98209,
urnatella gracilis,tube_like_taxa,tube_like_taxa,tube_like_taxa,Entroprocta,Barentsiidae,.,.,,
urosalpinx cinerea,gastropod,gastropod,Gastropods,gastropod,Muricidae,caenogastropoda,Gastropoda,,
valvata sincera,gastropod,gastropod,Gastropods,gastropod,Valvatidae,Valvatoidea,Gastropoda,,
valvata spp.,gastropod,gastropod,Gastropods,gastropod,Valvatidae,Valvatoidea,Gastropoda,,
viviparidae,gastropod,gastropod,Gastropods,gastropod,Viviparidae,caenogastropoda,Gastropoda,,
viviparus georgianus,gastropod,gastropod,Gastropods,gastropod,Viviparidae,caenogastropoda,Gastropoda,,
Xanthidae,decapod_crab,large_decapod,decapod_crab,decapod_crab,Xanthidae,Decapoda ,Malacostraca,98748,
Xenochironomus spp.,insect,chironomid,insect,chironomid,Chironomidae,Diptera          ,Insecta          ,#N/A,
Yoldia limatula,other_bivalves,Large_bivalve,bivalves,bivalve,Yoldiidae ,Nuculoida ,Bivalvia         ,79273,
